employee_id,department,job_level,education,performance_score,engagement_score,years_experience,years_at_company,leadership_trait_score,peer_feedback_score,manager_feedback_score,innovation_score,learning_hours,projects_led,promotion_last_3yrs,absenteeism_days,attrition_risk_score,future_leader
EMP10000,Marketing,Mid,Master,65.0,69.3,4.8,1.2,58.6,4.04,4.16,53.5,33.0,2,1,6,29.3,1
EMP10001,HR,Mid,Diploma,78.2,48.5,5.6,2.3,,3.25,2.69,86.6,36.2,1,1,6,21.6,0
EMP10002,Marketing,Junior,Bachelor,,76.9,3.2,1.1,67.2,3.54,2.78,88.1,27.5,2,1,6,27.2,0
EMP10003,Operations,Mid,Bachelor,67.1,74.9,7.3,3.3,99.0,3.69,3.47,77.0,65.3,1,0,6,84.1,0
EMP10004,Sales,Senior,Master,60.4,94.8,11.4,7.8,52.9,2.67,3.56,49.3,40.7,2,0,6,58.9,0
EMP10005,Product,Junior,Master,74.9,81.0,2.4,1.2,71.2,2.95,2.54,30.0,39.5,1,1,6,4.5,0
EMP10006,Marketing,Mid,Master,58.7,64.5,5.0,2.9,76.6,2.97,4.32,82.3,38.8,2,0,6,43.4,0
EMP10007,Marketing,Manager,Bachelor,76.7,80.6,14.0,5.7,68.0,4.2,2.99,66.8,49.7,3,0,6,44.9,0
EMP10008,Sales,Junior,Bachelor,99.0,51.8,4.3,1.3,69.5,3.86,4.8,53.1,31.9,2,0,6,29.6,0
EMP10009,HR,Mid,Master,86.9,57.5,5.0,1.9,53.4,4.1,5.0,83.8,16.2,2,0,6,37.9,0
EMP10010,Engineering,Senior,Bachelor,79.9,74.3,10.7,8.1,69.5,2.5,3.58,51.2,35.3,2,1,6,36.6,0
EMP10011,Product,Junior,Bachelor,71.1,41.9,5.2,3.1,75.2,2.74,4.06,58.2,37.6,0,0,6,13.2,0
EMP10012,Operations,Junior,Master,50.7,69.5,5.8,2.6,72.6,4.13,2.89,73.4,53.6,3,0,6,13.9,0
EMP10013,Marketing,Junior,Master,57.5,56.7,6.9,4.9,76.0,1.89,4.19,47.2,15.3,2,0,6,37.9,0
EMP10014,HR,Lead,PhD,86.1,,9.1,2.2,87.8,4.5,3.4,63.2,17.4,0,1,6,34.0,1
EMP10015,Engineering,Junior,Bachelor,63.3,56.0,3.0,1.1,81.1,2.51,,82.4,29.3,1,1,6,22.2,0
EMP10016,Finance,Junior,Bachelor,64.3,75.5,3.0,1.0,69.0,4.25,3.55,68.4,39.4,2,0,6,17.1,0
EMP10017,Sales,Junior,Diploma,70.2,70.3,2.8,2.4,51.6,3.12,3.42,85.0,13.7,3,0,6,30.7,0
EMP10018,Marketing,Junior,Bachelor,60.3,88.2,1.6,1.1,59.6,4.38,3.52,83.1,15.5,2,0,6,45.1,0
EMP10019,Operations,Senior,Bachelor,58.5,70.1,5.7,3.4,64.9,5.0,4.41,65.1,44.1,2,1,6,31.0,1
EMP10020,Operations,Junior,Bachelor,71.4,60.0,3.2,0.7,71.5,2.22,3.2,27.6,14.0,1,1,6,63.4,0
EMP10021,Engineering,Mid,Master,,66.8,4.3,1.4,61.3,4.15,4.96,47.3,17.6,1,0,6,20.5,0
EMP10022,Product,Senior,PhD,63.8,52.5,9.2,5.6,54.9,2.52,2.82,77.2,45.5,0,1,6,39.0,0
EMP10023,Product,Lead,Master,63.4,,9.3,4.2,51.4,3.98,,40.2,39.1,2,0,6,25.1,0
EMP10024,Marketing,Junior,Master,77.7,77.7,0.6,0.5,44.9,3.57,,59.8,20.2,2,0,6,41.6,0
EMP10025,Engineering,Lead,Bachelor,69.4,99.0,11.5,8.0,64.7,3.78,3.75,70.4,36.8,3,0,6,13.1,1
EMP10026,HR,Senior,Bachelor,70.0,61.9,9.3,4.6,47.4,3.11,3.41,88.5,33.3,2,1,6,68.6,0
EMP10027,Sales,Junior,Bachelor,78.6,66.5,4.3,3.0,54.0,4.21,,55.8,26.9,0,0,6,2.6,0
EMP10028,Sales,Senior,Bachelor,70.4,62.5,13.8,11.5,62.5,2.76,4.31,54.7,23.3,1,0,6,64.6,0
EMP10029,Operations,Lead,Bachelor,68.9,72.8,11.6,5.8,49.3,4.51,4.8,64.2,36.1,7,0,6,33.5,0
EMP10030,Operations,Mid,Bachelor,77.2,75.0,7.1,4.4,73.3,3.43,4.58,70.6,14.7,1,1,6,41.4,1
EMP10031,Product,Lead,Bachelor,79.4,69.3,8.6,6.9,78.4,2.79,3.47,62.5,35.9,1,0,6,56.5,0
EMP10032,Engineering,Mid,Master,70.4,84.1,3.2,1.2,60.3,4.74,3.88,81.8,31.7,1,0,6,45.3,0
EMP10033,Engineering,Senior,Master,72.9,62.0,12.5,9.7,61.9,3.66,3.2,52.2,32.9,1,0,6,20.7,1
EMP10034,HR,Manager,Bachelor,63.4,82.8,11.0,2.9,75.5,4.94,3.06,66.9,17.1,4,1,6,40.9,1
EMP10035,Engineering,Mid,Bachelor,62.5,,3.7,2.3,58.0,4.49,2.95,72.1,54.3,0,0,6,64.8,0
EMP10036,Sales,Lead,Master,80.5,69.8,10.9,7.7,,3.18,3.44,58.6,20.2,1,0,6,16.5,0
EMP10037,HR,Mid,Master,76.9,65.9,5.8,3.5,84.8,3.64,3.92,78.4,22.0,2,1,6,71.3,0
EMP10038,Engineering,Senior,Master,77.0,99.0,7.0,3.7,80.4,3.78,2.41,67.4,26.3,3,0,6,34.1,1
EMP10039,Operations,Senior,Bachelor,75.1,59.4,8.3,5.0,76.4,4.69,,77.6,39.0,2,0,6,26.5,1
EMP10040,HR,Junior,PhD,72.5,73.9,5.7,1.7,81.0,3.98,4.81,68.1,32.4,2,1,6,15.6,1
EMP10041,Marketing,Mid,Bachelor,79.7,60.2,4.2,1.4,40.3,3.81,4.54,71.0,11.4,1,0,6,30.1,0
EMP10042,Operations,Mid,Bachelor,82.3,93.2,2.9,1.1,87.0,3.57,3.34,54.9,28.6,1,0,6,1.0,1
EMP10043,Engineering,Junior,Bachelor,82.0,81.5,5.1,3.0,73.5,3.67,2.77,54.9,29.9,1,0,6,22.9,0
EMP10044,Marketing,Junior,Bachelor,70.9,,4.1,2.0,82.2,4.55,4.07,84.6,55.0,0,1,6,29.3,1
EMP10045,Marketing,Mid,Bachelor,87.3,76.7,4.6,1.7,73.4,3.7,2.13,75.2,24.4,1,1,6,11.9,0
EMP10046,HR,Junior,Bachelor,74.5,73.4,0.0,0.0,68.7,3.44,4.53,48.6,37.3,3,0,6,45.2,0
EMP10047,Engineering,Junior,Master,79.0,63.3,1.4,0.6,64.1,3.33,3.6,67.9,95.0,1,0,6,29.7,0
EMP10048,Operations,Senior,Bachelor,75.1,79.9,8.9,4.4,73.1,3.34,5.0,27.0,50.3,6,0,6,19.2,1
EMP10049,Sales,Senior,Bachelor,74.7,75.1,11.6,5.4,63.6,2.79,2.54,55.8,16.6,3,0,6,25.6,0
EMP10050,Engineering,Senior,Bachelor,63.9,72.8,6.7,2.1,,3.21,4.39,80.4,41.6,4,0,6,38.3,0
EMP10051,Sales,Mid,Bachelor,79.7,69.5,5.8,3.9,45.8,4.67,3.68,63.0,36.0,0,0,6,33.8,0
EMP10052,Marketing,Lead,Bachelor,99.0,75.6,12.5,6.1,60.4,3.57,3.52,66.9,24.0,0,0,6,18.8,0
EMP10053,Operations,Senior,Bachelor,67.9,73.0,3.8,0.8,96.6,4.16,2.79,16.7,41.9,3,1,6,34.1,0
EMP10054,Operations,Junior,,72.8,70.8,5.3,4.4,59.2,2.09,4.17,58.7,16.5,0,0,6,31.3,0
EMP10055,Marketing,Junior,Master,67.1,61.7,0.4,0.3,64.7,4.07,4.22,70.4,20.5,1,0,6,13.4,0
EMP10056,HR,Senior,Diploma,66.6,92.0,9.7,6.5,55.6,3.6,5.0,72.4,26.5,4,0,6,23.2,1
EMP10057,Finance,Junior,Bachelor,89.0,56.3,3.5,2.7,72.7,3.39,4.46,80.4,23.4,2,0,6,45.3,0
EMP10058,Sales,Mid,Master,64.6,75.6,8.4,6.6,57.7,,3.33,61.6,39.6,2,0,6,41.7,0
EMP10059,Sales,Manager,PhD,,65.8,14.2,6.0,65.4,3.38,3.05,62.3,28.2,4,0,6,29.0,0
EMP10060,Operations,Junior,Diploma,54.5,92.9,0.0,0.0,79.9,2.32,2.79,43.7,22.1,2,0,6,40.5,0
EMP10061,HR,Junior,Master,63.7,58.3,1.3,0.8,58.2,4.3,4.78,61.7,49.9,2,0,6,16.9,0
EMP10062,Finance,Manager,PhD,53.2,60.4,13.3,5.0,79.0,3.86,3.21,44.8,38.9,1,1,6,17.0,0
EMP10063,Marketing,Mid,Diploma,78.9,57.4,5.6,1.9,79.5,3.5,,35.4,12.7,5,1,6,30.1,1
EMP10064,Operations,Junior,Master,99.0,74.2,4.1,1.1,82.8,3.07,4.12,47.6,12.6,2,1,6,58.6,1
EMP10065,Finance,Lead,Bachelor,68.0,52.2,12.7,8.0,70.0,2.74,3.98,89.1,22.2,3,0,6,38.5,0
EMP10066,Finance,Lead,Bachelor,53.7,63.8,12.3,8.7,99.0,3.85,3.54,60.7,13.6,0,1,6,28.6,0
EMP10067,Engineering,Mid,Bachelor,81.9,42.0,5.5,3.8,82.8,4.75,4.21,68.5,45.9,1,0,6,65.2,0
EMP10068,Sales,Senior,Bachelor,64.0,73.1,4.9,2.0,72.5,3.83,3.74,56.8,21.0,5,0,6,26.7,0
EMP10069,HR,Mid,Bachelor,86.3,63.5,5.0,1.7,55.7,2.8,3.49,36.4,37.3,1,0,6,73.8,0
EMP10070,Engineering,Junior,Bachelor,68.9,50.7,3.9,1.9,66.6,3.85,4.24,80.0,72.3,2,0,6,26.7,0
EMP10071,HR,Senior,Master,65.1,84.1,6.6,3.7,88.0,,3.65,30.2,41.4,2,0,6,11.7,0
EMP10072,Marketing,Mid,Master,70.0,53.0,7.4,5.9,91.9,4.26,3.19,56.1,9.1,1,0,6,32.5,1
EMP10073,Engineering,Senior,PhD,80.3,80.4,11.0,8.5,88.7,4.09,4.17,64.1,21.5,4,1,6,26.0,1
EMP10074,Sales,Lead,Bachelor,69.5,60.9,11.3,9.0,79.0,1.76,3.71,68.7,25.9,1,0,6,19.5,0
EMP10075,Engineering,Junior,Bachelor,66.5,90.8,0.0,0.0,,4.05,4.09,53.4,33.1,0,0,6,75.5,0
EMP10076,Engineering,Senior,,69.8,79.7,6.2,5.1,74.8,3.05,3.43,35.6,44.7,1,1,6,36.4,1
EMP10077,Operations,Junior,PhD,58.0,56.9,7.1,3.6,50.6,2.78,2.9,52.2,78.9,1,0,6,43.1,0
EMP10078,Finance,Lead,Diploma,76.4,58.1,9.8,2.3,47.2,3.58,4.96,53.0,62.1,2,0,6,26.2,0
EMP10079,Marketing,Mid,PhD,52.3,77.9,1.6,0.4,71.3,3.97,4.83,52.6,28.1,1,0,6,20.6,1
EMP10080,Operations,Senior,PhD,67.1,66.6,11.7,5.3,75.3,2.63,4.37,80.5,27.9,3,0,6,51.5,0
EMP10081,HR,Mid,Bachelor,80.4,67.8,6.0,2.2,80.6,4.16,3.48,45.6,58.9,3,1,6,2.6,1
EMP10082,Marketing,Mid,Bachelor,75.3,86.5,8.4,2.6,75.0,,3.54,69.8,28.9,0,1,6,8.9,1
EMP10083,Engineering,Senior,Bachelor,78.5,60.3,9.6,7.9,75.4,3.73,4.72,67.5,21.2,2,1,6,29.7,1
EMP10084,Sales,Senior,Master,71.3,71.2,10.0,3.3,54.2,3.14,3.5,80.4,46.3,2,0,6,56.5,0
EMP10085,Sales,Mid,Diploma,84.9,82.4,6.8,5.6,66.5,3.06,3.31,62.9,34.0,0,1,6,23.4,0
EMP10086,Operations,Senior,Bachelor,82.2,80.5,10.5,7.3,46.9,4.37,5.0,77.7,12.5,4,1,6,38.0,1
EMP10087,HR,Manager,Master,76.9,67.9,18.0,11.1,40.0,2.72,3.72,62.2,24.5,2,0,6,33.3,0
EMP10088,Engineering,Mid,Bachelor,,66.2,8.1,5.2,78.4,4.39,4.99,72.0,13.9,2,0,6,56.4,1
EMP10089,Finance,Mid,Bachelor,80.3,47.4,2.5,1.0,57.5,3.59,2.77,41.0,5.9,1,0,6,7.9,0
EMP10090,Sales,Junior,Bachelor,67.2,56.3,4.0,2.5,80.2,3.64,4.11,22.8,66.4,1,0,6,48.1,0
EMP10091,Operations,Senior,Bachelor,57.2,74.1,11.5,3.7,83.5,2.59,5.0,71.0,30.8,1,1,6,28.1,0
EMP10092,HR,Mid,Diploma,76.6,68.2,8.6,7.0,59.3,3.6,3.77,71.9,25.0,4,0,6,49.4,0
EMP10093,HR,Mid,Bachelor,78.0,71.0,5.1,2.0,76.3,4.1,3.57,72.6,22.1,1,0,6,17.5,0
EMP10094,Engineering,Junior,PhD,84.0,83.5,5.6,2.0,58.7,2.83,2.93,56.6,29.1,1,1,6,30.4,1
EMP10095,Operations,Lead,Master,61.7,54.6,13.0,8.6,42.2,4.02,4.51,88.8,22.0,2,0,6,33.3,0
EMP10096,Engineering,Mid,Bachelor,62.0,66.9,11.7,7.3,69.7,3.76,3.21,57.6,16.8,2,0,6,14.9,0
EMP10097,Sales,Senior,Bachelor,77.1,72.5,7.3,3.6,61.4,3.28,3.68,71.7,22.7,3,1,6,8.9,1
EMP10098,Sales,Junior,Master,71.2,60.8,1.9,1.2,61.8,4.26,2.89,74.5,56.1,0,1,6,23.6,1
EMP10099,Product,Manager,Bachelor,51.3,88.6,12.3,3.7,95.7,2.27,4.84,92.5,45.8,2,1,6,31.4,1
EMP10100,Product,Junior,Diploma,76.1,81.8,1.9,1.2,46.6,3.93,4.56,59.9,22.7,0,0,6,16.7,0
EMP10101,Operations,Junior,Bachelor,51.6,73.8,1.0,0.4,73.4,4.75,3.73,54.5,69.8,0,1,6,25.8,0
EMP10102,Engineering,Lead,,61.6,,4.9,1.8,54.1,4.64,2.94,41.0,27.9,2,1,6,1.0,0
EMP10103,Product,Lead,Master,86.9,,10.0,3.1,80.7,3.95,4.83,89.8,18.9,1,1,6,29.2,1
EMP10104,Marketing,Junior,Bachelor,92.1,69.9,3.8,1.6,72.2,3.5,3.49,71.7,34.7,1,0,6,50.8,1
EMP10105,Operations,Mid,Bachelor,58.6,74.8,4.9,2.0,73.3,3.29,2.98,72.2,60.5,5,0,6,44.2,0
EMP10106,HR,Senior,,68.4,58.1,13.3,6.6,54.8,3.5,2.52,99.0,54.7,4,1,6,33.0,1
EMP10107,Engineering,Lead,Bachelor,72.5,73.9,11.0,3.6,57.3,4.05,3.3,70.2,19.4,2,1,6,36.1,0
EMP10108,Sales,Mid,Bachelor,91.6,55.6,8.8,2.9,81.0,3.18,2.73,44.2,14.9,1,0,6,20.1,0
EMP10109,Product,Mid,Bachelor,66.6,79.0,6.6,3.6,92.8,4.19,,61.9,23.8,3,0,6,60.0,0
EMP10110,HR,Senior,Bachelor,66.8,83.8,10.8,3.1,74.7,5.0,4.27,49.4,37.7,0,1,6,67.1,0
EMP10111,Engineering,Senior,Master,89.0,73.5,9.6,6.2,55.4,3.66,3.49,58.7,42.8,0,0,6,34.7,0
EMP10112,Engineering,Senior,Master,67.9,45.9,12.0,9.8,72.7,2.83,4.0,58.6,50.9,7,0,6,83.4,0
EMP10113,Finance,Mid,Bachelor,79.9,57.4,6.1,2.9,99.0,,3.24,55.6,31.6,0,0,6,22.4,0
EMP10114,Engineering,Junior,PhD,55.8,77.3,4.1,3.2,69.4,4.2,3.8,42.7,32.2,0,0,6,8.6,0
EMP10115,Marketing,Lead,Bachelor,70.1,70.3,11.8,3.1,88.5,3.66,5.0,90.5,31.1,3,1,6,19.6,1
EMP10116,Operations,Lead,Bachelor,53.7,35.0,10.4,2.4,57.6,4.27,3.51,69.8,47.7,2,0,6,34.7,0
EMP10117,Operations,Senior,Master,60.4,86.2,9.9,6.6,67.4,3.35,4.02,61.4,43.2,2,0,6,71.1,0
EMP10118,HR,Junior,Diploma,81.2,71.8,7.9,5.5,76.7,4.24,2.65,77.1,19.0,1,1,6,27.0,0
EMP10119,Operations,Junior,Bachelor,71.5,59.4,2.4,1.8,73.6,3.6,4.81,72.5,40.6,0,1,6,18.8,1
EMP10120,Finance,Senior,Bachelor,68.5,82.9,9.9,2.3,57.3,3.22,3.42,69.4,46.1,1,0,6,13.9,0
EMP10121,Operations,Junior,Master,63.8,61.2,5.8,4.1,56.7,3.44,4.49,76.0,48.0,1,0,6,54.5,0
EMP10122,Sales,Manager,Master,69.6,61.1,15.5,6.9,81.8,2.92,3.66,67.1,34.0,1,1,6,52.0,0
EMP10123,HR,Mid,Bachelor,75.3,74.7,6.0,2.4,84.7,4.99,4.18,75.7,33.0,0,0,6,22.8,0
EMP10124,Sales,Senior,Bachelor,82.8,93.2,3.8,1.2,89.2,3.64,4.22,77.0,28.5,6,0,6,1.0,1
EMP10125,Finance,Lead,Master,43.1,91.1,12.1,10.3,93.3,4.12,3.43,67.6,30.0,6,0,6,8.3,1
EMP10126,Engineering,Mid,Bachelor,62.9,74.7,1.1,0.3,,3.35,4.51,61.5,64.4,1,0,6,62.5,0
EMP10127,Sales,Mid,Bachelor,73.8,76.0,9.2,6.8,63.6,3.02,3.22,89.5,30.6,2,1,6,43.7,0
EMP10128,Sales,Senior,Bachelor,70.9,80.3,9.4,5.8,86.9,3.55,4.29,57.4,19.8,4,0,6,31.7,1
EMP10129,Finance,Mid,Bachelor,76.4,53.7,8.2,5.6,78.0,4.42,3.48,71.3,34.3,1,0,6,69.0,0
EMP10130,Engineering,Mid,Bachelor,74.9,78.4,4.0,2.7,54.2,3.36,3.99,71.6,42.4,0,0,6,66.1,0
EMP10131,Product,Senior,,68.6,60.5,5.6,4.2,53.5,3.13,3.43,55.2,47.0,2,0,6,33.5,0
EMP10132,Finance,Manager,Master,66.2,74.1,13.6,4.3,74.9,3.8,3.78,52.1,16.7,6,0,6,31.3,0
EMP10133,Engineering,Mid,Master,69.3,67.0,5.9,1.2,65.5,4.02,3.0,59.3,57.9,3,1,6,22.5,0
EMP10134,Finance,Junior,Diploma,84.6,76.5,1.9,1.1,67.6,4.77,3.92,57.1,41.6,1,0,6,26.1,0
EMP10135,Sales,Mid,Bachelor,63.9,71.5,6.2,2.7,83.0,3.93,3.78,41.7,56.3,2,0,6,5.4,1
EMP10136,Product,Mid,Bachelor,71.3,30.1,12.1,3.4,78.6,4.12,3.37,54.6,13.3,3,0,6,12.8,0
EMP10137,Finance,Junior,Diploma,74.0,72.3,4.8,1.5,86.6,4.17,3.71,69.3,48.9,1,1,6,1.0,0
EMP10138,Marketing,Junior,Bachelor,89.2,78.3,5.3,2.2,,2.95,3.84,85.3,16.2,2,0,6,50.4,0
EMP10139,Sales,Senior,Master,68.7,75.8,10.9,2.7,71.5,3.07,3.32,73.9,25.3,3,1,6,3.3,1
EMP10140,Finance,Mid,Master,82.5,68.7,9.3,2.2,77.7,,3.66,23.4,42.3,1,1,6,67.7,0
EMP10141,Finance,Manager,Bachelor,85.6,91.3,12.6,10.0,46.6,2.83,3.05,75.3,15.3,0,0,6,15.4,0
EMP10142,Product,Junior,Bachelor,71.3,74.0,0.0,0.0,58.8,4.22,5.0,56.1,21.9,1,0,6,63.0,0
EMP10143,Finance,Junior,Bachelor,69.7,75.7,2.6,2.2,56.2,3.89,4.49,72.2,13.2,3,0,6,24.8,0
EMP10144,HR,Senior,Bachelor,68.4,83.6,10.8,8.9,68.3,3.75,3.94,64.8,41.7,4,1,6,1.8,1
EMP10145,Engineering,Lead,Bachelor,69.2,74.7,8.9,2.6,90.8,2.01,4.57,61.9,18.8,2,1,6,54.7,0
EMP10146,Engineering,Mid,Bachelor,81.4,58.3,5.6,3.7,96.3,5.0,2.36,63.4,29.6,0,0,6,59.7,0
EMP10147,Finance,Junior,Master,74.5,38.3,1.5,0.9,56.6,3.12,1.96,64.6,36.0,0,0,6,21.8,0
EMP10148,HR,Junior,Diploma,74.6,63.8,6.3,4.1,75.4,5.0,3.47,86.5,34.1,0,0,6,27.5,0
EMP10149,Sales,Mid,Master,59.6,79.9,7.6,2.0,75.8,,2.79,64.7,32.6,2,0,6,14.3,0
EMP10150,Marketing,Mid,Bachelor,61.4,65.4,7.4,2.4,73.4,3.17,3.58,82.4,32.6,2,1,6,31.1,0
EMP10151,Product,Mid,Bachelor,95.6,80.4,7.4,1.8,73.6,2.27,3.89,80.0,13.7,2,1,6,32.5,0
EMP10152,Sales,Junior,Bachelor,70.0,71.9,2.9,1.7,72.3,3.94,4.39,75.7,26.0,1,0,6,25.7,0
EMP10153,Finance,Mid,Bachelor,63.5,86.7,6.4,5.4,91.6,2.98,2.95,36.4,32.4,3,1,6,1.0,1
EMP10154,Sales,Manager,Diploma,87.7,66.2,10.4,6.6,83.4,3.0,4.03,82.9,30.7,5,1,6,22.6,1
EMP10155,Operations,Senior,Bachelor,75.1,76.1,4.2,2.8,53.2,2.81,3.76,57.7,27.6,3,0,6,44.0,0
EMP10156,Engineering,Mid,Bachelor,78.4,76.6,6.3,5.3,79.1,4.21,3.99,76.5,20.2,3,0,6,27.5,1
EMP10157,Operations,Junior,PhD,70.5,89.5,3.7,2.4,80.5,,3.39,49.4,33.8,3,0,6,23.0,1
EMP10158,Operations,Mid,Bachelor,68.5,,8.7,2.0,72.4,4.88,4.72,46.0,36.9,1,1,6,19.6,0
EMP10159,Marketing,Mid,Bachelor,70.1,64.0,9.5,7.3,83.8,3.25,3.68,96.6,23.5,1,1,6,22.5,1
EMP10160,Sales,Senior,Bachelor,56.8,81.0,12.5,5.5,70.6,3.84,4.99,49.7,47.1,2,0,6,55.8,0
EMP10161,Product,Lead,Master,,90.1,8.8,1.8,70.8,,3.2,83.3,58.5,3,0,6,8.3,0
EMP10162,Engineering,Lead,Master,75.3,73.1,10.2,5.4,69.7,3.48,4.27,66.9,29.9,1,0,6,44.8,0
EMP10163,Sales,Manager,,92.4,66.2,14.1,11.4,39.7,3.36,3.71,58.3,19.2,5,0,6,33.9,0
EMP10164,Finance,Manager,Diploma,72.9,79.8,18.6,6.8,66.9,4.0,3.52,64.3,15.2,2,0,6,35.0,0
EMP10165,Engineering,Manager,PhD,46.3,81.3,16.3,8.5,58.6,4.36,4.19,44.2,25.1,5,1,6,17.2,0
EMP10166,Marketing,Junior,,,65.3,5.5,1.7,51.4,4.34,3.54,64.8,28.8,0,0,6,26.9,0
EMP10167,Marketing,Junior,Bachelor,99.0,74.3,2.1,0.5,88.1,3.15,1.89,47.7,14.8,3,1,6,31.5,0
EMP10168,Engineering,Mid,Bachelor,81.5,85.3,4.1,1.0,75.1,4.35,1.61,58.7,24.7,2,0,6,20.3,0
EMP10169,Product,Mid,PhD,63.1,94.6,7.7,5.2,67.6,3.67,4.64,79.8,45.9,4,0,6,33.9,0
EMP10170,Engineering,Junior,Bachelor,78.5,79.7,0.6,0.5,60.1,3.49,4.61,69.1,8.2,1,1,6,38.9,0
EMP10171,Finance,Lead,Master,63.8,70.6,10.5,3.1,72.1,3.24,5.0,41.3,30.8,1,0,6,71.4,0
EMP10172,Engineering,Senior,Master,57.1,69.3,8.7,3.4,81.9,3.34,3.74,78.6,21.8,4,0,6,37.5,0
EMP10173,Product,Mid,Bachelor,68.2,77.2,9.5,3.1,56.4,4.83,2.85,64.9,29.2,0,1,6,1.0,1
EMP10174,Engineering,Junior,,73.0,68.5,2.2,0.5,,3.9,3.46,56.3,60.1,0,0,6,53.6,0
EMP10175,Sales,Mid,Diploma,51.4,72.5,0.6,0.3,80.2,3.81,3.76,76.9,28.5,1,0,6,28.3,0
EMP10176,HR,Junior,Master,59.4,56.2,4.1,2.7,,3.53,3.05,62.3,26.4,2,0,6,71.1,0
EMP10177,Product,Lead,Bachelor,72.1,86.9,9.5,5.9,,5.0,4.9,46.3,40.4,0,0,6,55.8,1
EMP10178,Product,Mid,PhD,67.5,55.2,6.1,2.8,62.0,4.55,5.0,94.6,34.0,1,0,6,26.0,0
EMP10179,Operations,Senior,Master,76.3,64.4,8.8,4.9,66.1,3.23,4.08,64.7,30.9,1,1,6,46.4,0
EMP10180,Product,Mid,Master,58.6,71.3,5.4,1.4,61.0,3.52,3.74,63.7,34.6,1,0,6,21.5,0
EMP10181,Product,Mid,PhD,79.9,95.9,7.7,2.3,69.9,3.56,2.84,58.5,52.1,1,0,6,27.8,1
EMP10182,Finance,Mid,Master,59.0,64.5,2.6,2.1,94.9,3.79,4.83,83.9,44.5,3,1,6,45.6,1
EMP10183,Engineering,Senior,Bachelor,90.1,61.3,7.9,5.5,63.5,3.24,3.8,56.6,25.5,2,0,6,54.0,0
EMP10184,Marketing,Senior,Bachelor,53.1,62.8,10.5,8.4,72.1,3.99,3.55,40.3,58.5,2,0,6,49.8,0
EMP10185,Operations,Junior,Bachelor,60.0,91.6,1.6,1.3,95.9,4.64,4.09,54.1,22.5,3,0,6,29.9,1
EMP10186,Engineering,Manager,Master,76.6,33.4,9.5,5.9,60.3,2.85,3.34,86.2,30.8,4,0,6,83.7,0
EMP10187,Sales,Junior,Master,90.3,57.0,4.5,3.6,93.4,2.97,3.85,78.3,32.6,1,0,6,28.2,1
EMP10188,Operations,Lead,Master,75.5,99.0,13.5,6.4,68.1,3.39,2.74,60.9,24.9,0,0,6,1.0,0
EMP10189,Engineering,Junior,Bachelor,78.2,77.7,2.9,0.6,92.9,3.42,4.51,87.0,55.4,0,0,6,5.5,1
EMP10190,Product,Mid,Master,72.2,55.6,1.7,0.4,78.5,5.0,3.68,77.0,24.3,3,0,6,61.5,0
EMP10191,Engineering,Lead,Diploma,60.7,69.5,12.6,3.4,72.3,4.35,4.56,60.7,27.4,3,0,6,31.1,0
EMP10192,Sales,Junior,Bachelor,66.6,70.9,0.0,0.0,67.1,4.31,3.61,62.3,47.7,1,0,6,35.1,0
EMP10193,Marketing,Mid,Master,58.7,81.0,6.7,2.9,59.3,3.53,3.65,70.3,23.0,2,0,6,20.7,0
EMP10194,Sales,Mid,Master,57.9,93.9,4.0,2.6,69.1,3.51,2.9,51.7,14.4,2,0,6,19.9,0
EMP10195,Engineering,Junior,Master,76.4,75.1,0.4,0.3,80.6,2.76,4.28,65.1,31.3,1,1,6,17.3,1
EMP10196,Finance,Senior,Bachelor,59.6,63.0,8.0,4.7,67.8,4.21,3.14,69.9,16.9,2,0,6,42.1,0
EMP10197,Marketing,Lead,Master,,80.2,10.6,3.1,63.6,4.02,3.41,38.0,15.9,4,0,6,28.8,0
EMP10198,Engineering,Lead,Diploma,57.7,60.9,9.6,6.6,64.5,4.54,3.75,62.0,8.3,2,0,6,41.9,0
EMP10199,Engineering,Mid,Master,75.3,56.6,7.3,3.1,81.9,3.56,3.83,60.2,9.0,2,0,6,40.9,0
EMP10200,Marketing,Mid,Diploma,,47.1,5.0,1.0,85.2,3.61,2.56,81.4,9.5,2,0,6,28.9,0
EMP10201,Product,Junior,Diploma,87.5,49.7,5.2,2.0,58.7,,3.59,35.5,62.3,1,1,6,9.8,0
EMP10202,Finance,Junior,Bachelor,75.6,58.3,3.6,1.5,58.6,4.28,4.31,58.9,9.5,0,0,6,6.7,0
EMP10203,Sales,Junior,Master,85.6,54.7,1.5,0.6,73.3,2.74,3.49,57.3,16.6,2,0,6,89.6,0
EMP10204,Sales,Manager,,63.7,74.1,11.1,8.1,89.4,4.18,3.59,80.4,27.6,6,1,6,58.3,1
EMP10205,Engineering,Lead,Diploma,72.6,54.4,7.4,5.1,84.0,3.69,3.86,64.3,39.5,3,0,6,59.3,1
EMP10206,Sales,Senior,Bachelor,61.2,29.1,9.6,6.3,50.5,3.01,3.66,93.7,41.5,2,1,6,27.6,0
EMP10207,Operations,Mid,Bachelor,67.5,56.4,5.2,1.5,64.3,2.35,3.03,75.6,19.2,2,1,6,35.0,0
EMP10208,Sales,Mid,PhD,69.1,63.9,0.8,0.6,55.0,3.61,3.72,58.4,30.5,0,0,6,18.8,0
EMP10209,Finance,Mid,Bachelor,64.0,62.1,4.8,3.1,64.3,4.64,4.45,68.8,27.2,3,0,6,10.2,0
EMP10210,Operations,Mid,Master,58.6,89.8,4.0,1.3,90.5,4.79,,59.3,29.7,2,0,6,18.2,0
EMP10211,Finance,Mid,Bachelor,56.5,62.0,9.5,5.9,48.1,,3.49,78.8,31.7,0,1,6,57.7,0
EMP10212,Engineering,Junior,Diploma,46.3,81.5,0.0,0.0,45.3,4.98,2.78,43.7,35.9,4,0,6,45.5,0
EMP10213,Marketing,Junior,PhD,60.4,69.8,0.0,0.0,56.4,3.67,4.41,51.8,21.6,0,1,6,15.0,0
EMP10214,Operations,Manager,Bachelor,78.9,69.5,15.4,4.2,72.0,4.32,3.69,72.3,51.0,5,0,6,26.8,1
EMP10215,Operations,Mid,Master,54.4,59.1,9.0,4.8,76.7,3.41,,84.6,66.6,2,0,6,47.8,0
EMP10216,Sales,Manager,Bachelor,57.0,69.2,11.4,3.0,74.1,3.37,3.81,29.8,24.4,2,0,6,22.3,0
EMP10217,Sales,Junior,Master,91.7,60.1,1.6,0.5,84.5,3.26,2.91,87.0,77.2,1,0,6,35.6,0
EMP10218,Product,Mid,Master,65.0,72.2,7.4,2.1,43.3,,3.03,62.8,22.3,5,0,6,39.2,0
EMP10219,HR,Junior,PhD,75.5,66.9,0.0,0.0,84.6,4.54,2.73,34.9,30.8,1,1,6,40.0,1
EMP10220,Engineering,Mid,Bachelor,79.1,57.7,1.9,0.7,63.6,3.28,3.0,17.0,27.3,3,0,6,39.2,0
EMP10221,Finance,Junior,Bachelor,79.3,82.9,2.4,1.0,78.2,3.18,4.7,40.5,30.2,2,1,6,18.3,1
EMP10222,Operations,Junior,Master,55.3,75.5,6.4,2.6,49.5,2.93,3.24,64.7,48.3,1,1,6,21.5,0
EMP10223,Product,Lead,Master,69.5,64.2,10.0,7.8,68.1,3.57,4.08,63.9,26.6,3,0,6,13.0,1
EMP10224,Engineering,Mid,Bachelor,54.2,71.9,6.2,3.5,71.3,4.85,3.16,75.1,15.5,3,0,6,4.0,0
EMP10225,Product,Senior,Bachelor,98.9,68.9,11.5,9.2,84.2,5.0,4.28,56.2,21.4,3,0,6,30.5,1
EMP10226,Sales,Mid,Bachelor,54.5,58.7,10.6,4.2,45.8,2.62,,47.3,26.6,1,0,6,49.1,0
EMP10227,Finance,Mid,PhD,60.5,70.9,4.7,1.3,68.4,3.47,3.78,58.4,32.2,3,1,6,7.4,0
EMP10228,Operations,Mid,Bachelor,60.6,61.9,6.0,3.4,52.8,3.03,3.79,65.5,19.3,2,1,6,38.8,0
EMP10229,Sales,Junior,Bachelor,55.5,57.7,7.0,3.0,75.1,4.34,5.0,68.7,20.4,2,1,6,48.7,0
EMP10230,Sales,Manager,Diploma,86.9,48.9,9.7,7.0,78.9,3.89,4.19,52.4,32.8,1,0,6,3.1,0
EMP10231,HR,Lead,Bachelor,98.6,65.3,13.3,10.3,86.0,3.29,3.33,79.4,33.3,4,0,6,28.4,1
EMP10232,Product,Senior,Master,66.8,77.4,6.8,3.4,60.5,3.75,4.23,55.1,45.0,3,0,6,60.7,0
EMP10233,Finance,Mid,Bachelor,57.5,61.0,6.2,5.2,81.0,3.39,5.0,51.1,21.3,1,1,6,44.0,0
EMP10234,Product,Junior,PhD,47.4,99.0,2.5,1.4,87.1,4.75,2.61,56.3,37.7,2,0,6,1.0,1
EMP10235,Marketing,Lead,,69.3,81.5,8.9,3.3,45.0,4.06,3.16,82.2,27.4,3,0,6,42.2,0
EMP10236,HR,Mid,PhD,68.5,,3.8,2.0,76.6,4.14,3.58,62.9,22.9,0,0,6,15.9,0
EMP10237,Marketing,Junior,Bachelor,64.8,80.3,3.6,0.8,81.4,1.97,3.46,53.9,27.8,5,0,6,43.0,0
EMP10238,Sales,Mid,Master,74.4,94.1,8.2,5.9,64.4,3.66,3.52,79.8,29.8,0,0,6,15.6,0
EMP10239,Sales,Senior,Master,76.3,59.8,8.7,2.3,51.0,5.0,2.84,99.0,14.6,4,0,6,33.3,0
EMP10240,Marketing,Senior,,75.6,36.7,9.2,3.7,81.2,4.56,4.73,68.4,15.2,2,1,6,28.7,0
EMP10241,Marketing,Senior,Bachelor,68.5,64.2,10.3,5.8,51.2,2.5,2.75,84.7,40.2,2,1,6,33.5,0
EMP10242,Engineering,Senior,Bachelor,59.9,77.3,6.9,1.6,65.5,3.5,3.61,81.6,24.0,6,0,6,20.9,0
EMP10243,Finance,Junior,Diploma,79.3,72.0,4.6,1.2,67.4,2.92,4.48,55.3,32.3,2,1,6,28.0,0
EMP10244,Operations,Lead,Master,,73.6,12.8,8.4,78.0,4.81,3.73,65.4,39.6,1,0,6,10.6,0
EMP10245,Marketing,Mid,Master,81.8,87.2,11.7,2.9,59.2,3.86,3.06,44.5,27.9,1,1,6,38.1,0
EMP10246,Operations,Senior,Master,80.7,75.0,8.2,4.2,58.4,3.2,2.81,61.7,38.0,4,0,6,34.7,0
EMP10247,HR,Junior,Master,56.4,80.4,2.0,0.8,69.4,3.72,3.59,55.0,29.9,3,0,6,1.4,1
EMP10248,Engineering,Manager,Bachelor,56.2,57.8,14.7,5.1,82.1,2.01,3.22,58.6,30.6,7,0,6,52.5,0
EMP10249,HR,Mid,Bachelor,63.7,55.8,7.8,2.5,99.0,2.99,3.89,53.0,50.2,1,0,6,31.8,0
EMP10250,Operations,Junior,Master,60.4,91.0,1.8,1.3,46.9,3.72,2.77,60.4,26.4,2,0,6,31.5,0
EMP10251,Marketing,Mid,Bachelor,80.3,71.3,5.1,4.2,72.4,4.25,4.32,73.5,40.4,0,1,6,45.9,1
EMP10252,HR,Junior,PhD,75.9,61.9,4.2,1.2,52.8,2.44,3.83,63.1,13.1,1,1,6,39.8,0
EMP10253,Engineering,Junior,Master,84.1,61.9,1.2,1.0,82.3,3.45,3.88,35.2,31.7,2,0,6,54.8,1
EMP10254,Engineering,Senior,Bachelor,76.4,61.6,8.1,4.8,54.9,4.36,4.76,53.1,56.4,1,0,6,28.6,0
EMP10255,Operations,Mid,Master,74.3,60.8,6.2,3.8,58.6,2.76,3.44,40.7,80.0,3,1,6,52.7,1
EMP10256,Marketing,Lead,Bachelor,85.2,53.3,13.2,8.7,59.8,3.85,3.24,68.9,13.5,2,0,6,37.6,0
EMP10257,Sales,Mid,Diploma,77.2,50.5,4.7,3.1,66.9,3.74,3.37,73.1,24.0,1,0,6,45.0,0
EMP10258,Sales,Senior,Diploma,72.7,67.5,4.9,3.6,72.5,4.81,3.62,69.1,17.1,2,0,6,40.1,0
EMP10259,Finance,Mid,Diploma,88.3,62.3,1.8,0.9,74.8,3.55,3.69,52.4,26.9,4,0,6,56.1,0
EMP10260,Sales,Senior,Bachelor,73.3,84.4,6.2,3.4,67.9,3.59,3.17,68.9,43.6,1,0,6,42.8,0
EMP10261,Marketing,Senior,Bachelor,68.7,73.8,6.1,2.5,49.4,4.26,2.33,57.5,51.1,6,0,6,23.7,1
EMP10262,Engineering,Mid,Bachelor,62.8,73.4,5.7,1.5,78.2,2.84,3.36,46.8,51.9,5,0,6,20.2,1
EMP10263,Sales,Manager,Bachelor,79.7,60.3,10.4,6.6,67.3,3.56,4.0,76.9,12.8,2,1,6,33.3,0
EMP10264,Product,Mid,Bachelor,85.6,68.4,4.5,1.0,84.3,3.4,3.85,78.1,29.5,4,1,6,19.0,1
EMP10265,Engineering,Junior,Bachelor,71.4,74.7,1.3,0.5,58.1,3.61,4.59,80.2,21.0,1,0,6,12.6,0
EMP10266,Engineering,Senior,Diploma,86.4,79.3,8.0,2.1,45.6,4.25,5.0,55.3,26.1,2,0,6,1.0,0
EMP10267,Sales,Lead,Bachelor,50.3,68.8,13.9,4.5,67.5,4.06,4.28,83.9,22.6,6,1,6,4.7,1
EMP10268,Sales,Junior,Bachelor,71.4,84.0,4.5,2.8,86.1,3.21,4.72,57.1,13.2,0,1,6,65.6,0
EMP10269,Sales,Mid,PhD,71.6,70.1,6.0,3.7,70.3,3.79,4.29,75.5,51.3,2,0,6,20.6,1
EMP10270,Sales,Lead,Master,64.0,80.3,10.0,4.7,65.2,4.67,4.95,56.8,19.4,1,0,6,64.8,0
EMP10271,Engineering,Senior,,98.2,63.6,8.0,2.1,55.8,3.16,5.0,61.4,21.3,2,1,6,40.8,0
EMP10272,Sales,Manager,Master,71.3,46.4,13.7,6.6,92.6,3.79,4.42,26.3,56.5,0,0,6,35.8,0
EMP10273,Finance,Mid,PhD,67.5,73.5,7.3,3.1,53.6,3.57,4.24,60.2,11.8,3,0,6,4.8,1
EMP10274,Operations,Senior,Master,72.3,79.4,7.0,4.7,57.8,3.66,3.61,66.5,35.7,4,1,6,30.8,0
EMP10275,HR,Mid,Master,50.0,77.5,6.1,3.5,76.0,2.64,3.72,58.4,46.6,3,1,6,65.1,0
EMP10276,Engineering,Manager,Master,63.6,75.5,8.5,4.4,42.0,4.62,3.51,93.1,54.3,3,1,6,59.4,0
EMP10277,Finance,Mid,Bachelor,82.8,65.5,6.5,3.4,85.8,3.2,4.18,46.4,34.5,2,0,6,38.1,1
EMP10278,Marketing,Senior,Bachelor,65.1,59.5,10.7,8.9,76.7,4.37,3.25,56.0,40.8,5,1,6,13.6,1
EMP10279,Marketing,Mid,Bachelor,62.9,77.2,5.4,3.7,80.6,3.3,3.62,50.5,46.5,0,1,6,13.9,0
EMP10280,Sales,Mid,Bachelor,86.4,75.5,10.0,5.2,75.8,3.29,2.1,56.0,27.1,1,0,6,16.1,0
EMP10281,Engineering,Senior,Master,86.7,62.7,7.1,3.6,65.7,4.49,4.96,81.5,17.9,2,0,6,56.7,0
EMP10282,Engineering,Mid,Bachelor,77.7,84.4,6.5,1.4,53.1,4.35,3.6,88.6,58.6,4,0,6,59.2,0
EMP10283,Engineering,Lead,Bachelor,67.0,58.5,10.9,8.9,66.0,3.84,4.07,53.8,38.7,2,0,6,38.0,0
EMP10284,Finance,Mid,Bachelor,69.4,62.4,5.8,2.4,54.3,4.19,4.77,53.4,29.5,2,0,6,28.3,0
EMP10285,HR,Senior,PhD,63.2,91.3,8.7,3.2,74.8,3.51,3.96,46.5,13.6,2,0,6,56.4,0
EMP10286,Sales,Mid,Bachelor,61.1,81.3,6.2,5.3,79.3,3.69,4.76,85.9,7.3,1,0,6,12.8,0
EMP10287,Engineering,Mid,Master,60.5,65.3,7.9,5.3,88.7,3.27,2.88,82.9,35.3,1,0,6,34.2,0
EMP10288,Finance,Mid,PhD,65.2,73.7,9.0,2.1,73.2,4.29,5.0,63.3,6.9,1,0,6,40.1,0
EMP10289,Sales,Junior,Bachelor,60.6,72.0,3.0,0.7,80.9,3.25,4.51,42.7,29.3,1,0,6,16.5,1
EMP10290,Marketing,Junior,Master,54.8,34.3,4.8,1.0,63.8,4.67,3.9,44.1,19.9,2,1,6,27.4,0
EMP10291,Sales,Senior,Bachelor,74.4,58.2,7.5,4.4,61.3,3.49,4.75,67.7,22.6,2,1,6,21.7,1
EMP10292,Product,Senior,Bachelor,74.6,69.3,10.7,2.6,74.6,3.71,2.93,73.8,52.2,4,0,6,58.0,0
EMP10293,Sales,Senior,Master,90.7,65.4,7.3,5.9,62.6,4.19,3.55,31.9,20.0,0,0,6,67.7,0
EMP10294,Marketing,Junior,Diploma,64.6,73.2,5.4,4.4,71.8,3.72,4.76,59.9,30.0,0,1,6,33.9,0
EMP10295,Product,Mid,Bachelor,75.3,,10.9,6.0,53.1,3.51,2.44,90.9,20.0,4,0,6,24.9,0
EMP10296,Product,Junior,Master,75.4,65.8,2.7,1.6,55.7,3.68,4.14,61.5,33.7,1,1,6,22.4,0
EMP10297,Marketing,Senior,Bachelor,69.2,56.3,4.2,1.6,76.9,4.28,4.12,88.8,31.4,3,1,6,34.9,1
EMP10298,Marketing,Lead,Master,,74.2,9.8,2.4,80.4,3.27,5.0,75.4,29.3,2,0,6,21.7,1
EMP10299,Operations,Junior,Master,80.5,65.8,5.7,3.9,54.2,3.62,2.64,47.7,46.6,2,0,6,31.4,0
EMP10300,Marketing,Senior,Master,75.6,68.0,10.2,2.7,77.4,3.71,4.88,60.3,11.9,1,0,6,40.2,0
EMP10301,Sales,Junior,Master,69.2,66.2,3.5,0.9,60.5,4.26,3.36,62.9,10.0,2,0,6,25.8,0
EMP10302,Finance,Mid,Bachelor,68.1,99.0,8.2,3.3,68.2,3.64,3.44,49.8,15.0,2,0,6,23.8,0
EMP10303,Finance,Junior,Master,57.0,40.9,4.1,0.9,87.8,4.88,2.89,49.5,31.5,0,1,6,34.3,0
EMP10304,Marketing,Mid,Master,63.1,65.0,8.7,4.2,79.3,3.6,2.99,89.1,36.6,2,0,6,27.6,0
EMP10305,HR,Senior,Master,65.2,70.0,11.0,7.3,79.1,3.55,4.03,49.4,4.3,2,0,6,24.5,0
EMP10306,HR,Lead,Bachelor,59.6,59.8,14.3,10.3,94.7,3.59,2.97,82.3,36.3,2,0,6,48.0,0
EMP10307,Operations,Junior,Bachelor,76.8,81.7,3.8,2.3,58.1,2.84,4.27,58.0,63.5,2,0,6,1.0,1
EMP10308,Engineering,Mid,Bachelor,85.2,80.6,8.0,6.0,54.2,3.03,3.29,64.6,24.3,3,0,6,58.8,0
EMP10309,Sales,Senior,Bachelor,62.0,69.4,8.3,3.9,57.9,3.36,2.9,74.0,59.3,2,0,6,34.9,0
EMP10310,HR,Manager,Bachelor,75.1,66.5,11.7,8.8,64.4,4.44,3.38,55.4,35.0,1,0,6,44.0,0
EMP10311,HR,Senior,Bachelor,60.6,68.5,12.8,6.8,35.0,3.68,,74.1,56.0,1,1,6,45.7,0
EMP10312,Engineering,Mid,Master,68.6,68.6,6.5,2.2,65.1,3.38,3.56,32.3,50.9,3,0,6,19.9,0
EMP10313,Engineering,Senior,Bachelor,64.4,69.0,10.8,8.8,60.4,4.5,3.77,72.0,24.3,4,0,6,16.1,0
EMP10314,Engineering,Mid,PhD,78.6,67.6,6.3,2.4,79.0,4.71,4.24,25.5,43.7,3,1,6,14.3,1
EMP10315,Engineering,Manager,Master,64.5,73.3,11.7,2.5,72.9,4.52,,61.4,24.3,6,1,6,27.4,1
EMP10316,Engineering,Mid,Master,83.1,,6.0,2.1,59.6,3.15,3.53,78.7,62.9,2,1,6,43.2,1
EMP10317,Operations,Senior,Bachelor,69.3,54.0,12.2,5.3,76.3,3.38,3.02,75.0,25.5,1,0,6,24.8,0
EMP10318,Engineering,Junior,Bachelor,64.9,56.3,4.2,1.8,78.1,4.88,3.8,44.2,37.4,1,1,6,45.8,1
EMP10319,Product,Mid,Master,58.2,47.3,2.2,1.2,57.2,3.86,,46.3,68.7,0,0,6,1.0,0
EMP10320,Product,Lead,Diploma,74.8,81.3,10.5,8.1,61.1,3.53,2.73,54.0,38.2,0,0,6,23.4,0
EMP10321,Finance,Senior,Bachelor,,73.3,12.9,5.0,36.8,4.17,3.13,68.0,23.0,3,1,6,52.8,0
EMP10322,Engineering,Mid,Master,75.0,76.6,5.5,3.0,52.7,4.35,3.25,32.5,14.0,3,0,6,28.1,0
EMP10323,Finance,Manager,Master,96.6,51.4,9.0,3.8,57.6,3.33,3.6,64.8,11.9,2,1,6,20.8,0
EMP10324,Marketing,Lead,Master,87.7,93.2,15.2,11.2,69.0,3.84,3.22,70.0,36.2,3,0,6,16.4,1
EMP10325,Operations,Mid,Bachelor,68.6,62.1,7.5,2.3,54.8,4.3,4.24,60.5,27.8,3,0,6,1.0,1
EMP10326,Marketing,Mid,Master,68.5,72.2,5.8,1.6,60.8,2.95,2.63,73.4,15.1,2,0,6,13.8,0
EMP10327,Finance,Mid,Bachelor,77.2,81.1,5.2,2.7,50.8,3.71,2.64,68.6,41.4,1,1,6,49.4,0
EMP10328,Operations,Senior,Diploma,62.8,57.2,11.4,7.3,70.4,2.98,,56.3,41.1,4,1,6,24.2,1
EMP10329,Engineering,Mid,,84.8,62.9,4.8,3.4,74.0,3.06,3.63,34.0,27.6,1,0,6,25.3,0
EMP10330,Operations,Junior,Bachelor,76.0,72.3,5.5,3.2,73.6,3.33,2.73,67.1,57.2,0,0,6,1.0,0
EMP10331,Engineering,Lead,Diploma,74.8,,12.2,8.6,68.2,4.01,3.33,49.8,10.6,1,0,6,1.0,0
EMP10332,Operations,Lead,Bachelor,79.6,73.9,11.5,5.2,46.4,3.49,3.47,55.7,23.4,2,0,6,53.1,0
EMP10333,Marketing,Lead,Bachelor,91.0,90.9,11.3,2.5,59.3,3.28,3.47,72.7,38.1,1,1,6,39.7,0
EMP10334,Sales,Manager,Bachelor,73.9,85.7,12.6,3.5,62.3,3.73,3.86,87.7,16.2,0,0,6,6.2,0
EMP10335,Operations,Senior,Bachelor,70.8,74.8,11.3,2.5,62.4,2.95,3.29,64.4,43.4,8,0,6,20.2,1
EMP10336,Sales,Senior,Bachelor,88.6,57.1,7.1,2.9,69.0,3.98,4.78,73.9,49.7,2,0,6,34.2,0
EMP10337,Operations,Senior,Bachelor,82.6,83.8,5.4,2.8,88.0,4.44,4.09,41.9,5.6,4,0,6,8.4,1
EMP10338,Sales,Mid,Master,68.5,50.5,7.4,3.2,,3.65,3.19,68.9,58.1,1,1,6,1.0,0
EMP10339,Product,Mid,Master,72.1,90.8,7.4,4.2,54.2,3.57,3.82,64.0,37.0,3,0,6,25.8,0
EMP10340,Sales,Junior,Bachelor,74.1,72.6,4.1,2.1,77.5,3.94,3.84,84.7,22.0,2,0,6,42.2,0
EMP10341,Product,Senior,Master,76.0,35.5,9.9,6.3,77.0,2.38,4.6,56.4,12.5,1,1,6,49.3,0
EMP10342,Marketing,Mid,Bachelor,57.1,65.6,5.3,3.4,56.7,4.05,3.33,61.1,46.3,4,0,6,48.9,0
EMP10343,Finance,Mid,Diploma,55.0,78.5,7.7,3.1,79.9,5.0,4.29,81.9,14.7,6,1,6,2.9,1
EMP10344,Marketing,Mid,Bachelor,62.2,66.9,5.9,2.5,65.8,3.62,3.78,63.5,37.0,1,0,6,34.0,0
EMP10345,Marketing,Mid,Master,61.4,79.3,4.9,2.8,,3.62,4.79,47.3,15.0,2,0,6,25.9,0
EMP10346,Product,Junior,Bachelor,64.9,58.9,2.3,1.4,74.4,4.18,4.65,99.0,29.0,5,1,6,32.8,0
EMP10347,Engineering,Lead,,79.0,53.0,15.4,6.2,71.0,4.77,3.89,47.7,45.3,2,0,6,31.6,0
EMP10348,Finance,Lead,Bachelor,70.1,,7.2,3.0,64.8,4.33,3.57,64.0,22.2,3,0,6,20.7,1
EMP10349,Sales,Junior,,74.2,,4.1,2.7,67.5,2.3,4.1,70.5,57.9,2,0,6,1.0,0
EMP10350,Operations,Junior,,58.5,65.5,0.0,0.0,57.9,4.07,3.62,69.3,38.6,1,0,6,54.1,0
EMP10351,Engineering,Mid,Diploma,66.9,86.0,5.8,1.7,76.5,5.0,4.93,62.0,16.2,4,1,6,35.5,1
EMP10352,Finance,Senior,Master,78.5,58.9,8.0,3.9,67.4,4.1,3.8,62.0,13.1,2,0,6,7.7,0
EMP10353,Finance,Lead,,78.5,74.1,6.4,5.0,70.3,2.95,3.47,61.2,18.7,2,0,6,40.2,0
EMP10354,HR,Junior,PhD,64.0,70.9,3.9,0.9,73.0,3.88,3.43,47.1,28.3,0,0,6,24.2,0
EMP10355,Finance,Senior,Diploma,73.8,49.8,8.2,6.2,51.8,2.87,2.9,99.0,60.6,2,0,6,28.5,0
EMP10356,Marketing,Junior,Bachelor,96.2,52.9,0.0,0.0,55.5,4.5,4.14,61.5,66.3,0,1,6,21.6,1
EMP10357,Marketing,Mid,Bachelor,71.8,70.2,7.8,4.1,37.1,3.08,3.18,74.6,21.7,3,0,6,42.0,0
EMP10358,Finance,Manager,Bachelor,64.4,95.8,16.2,7.7,75.9,3.75,4.52,59.6,21.3,5,1,6,13.4,1
EMP10359,Finance,Junior,Bachelor,70.1,77.5,6.3,1.3,51.0,3.14,2.84,59.3,41.8,4,0,6,11.3,1
EMP10360,Product,Junior,Master,73.0,47.6,3.8,3.0,,3.34,3.84,57.7,41.6,3,0,6,56.8,0
EMP10361,Sales,Mid,Diploma,70.3,29.6,6.1,3.0,73.2,4.67,4.56,40.2,53.4,3,0,6,36.5,0
EMP10362,Sales,Senior,Diploma,71.7,79.5,11.9,9.8,76.4,3.77,2.24,62.4,54.1,5,0,6,28.0,1
EMP10363,Sales,Manager,Master,56.1,68.7,16.7,6.5,51.1,3.34,5.0,58.5,18.0,2,1,6,45.1,0
EMP10364,Operations,Manager,Master,61.4,84.8,15.5,11.8,67.1,2.96,3.45,83.7,11.6,6,0,6,17.7,0
EMP10365,HR,Junior,PhD,70.4,58.6,0.9,0.7,,2.48,3.85,45.9,38.9,0,0,6,26.0,0
EMP10366,Marketing,Junior,Diploma,70.2,74.6,3.4,1.9,92.0,2.89,4.15,55.8,32.3,3,1,6,37.1,1
EMP10367,Operations,Senior,Bachelor,65.8,81.0,10.0,3.3,81.8,3.77,4.26,50.6,8.2,5,0,6,2.7,1
EMP10368,Engineering,Mid,Master,70.1,64.2,2.0,1.3,72.7,4.34,3.94,88.1,11.4,4,0,6,37.4,0
EMP10369,Product,Lead,PhD,72.7,64.5,12.0,6.7,53.9,3.34,4.45,51.1,37.9,5,1,6,19.8,1
EMP10370,Marketing,Senior,Bachelor,81.8,70.3,14.0,11.4,78.1,4.72,4.11,74.0,27.0,2,0,6,47.7,1
EMP10371,Engineering,Junior,Bachelor,70.9,77.1,4.4,2.1,65.8,3.23,4.98,80.5,38.4,2,1,6,41.0,1
EMP10372,Engineering,Lead,Diploma,76.4,69.8,14.2,5.3,75.8,3.55,4.12,62.7,15.6,2,1,6,39.9,1
EMP10373,Engineering,Junior,Diploma,66.0,82.7,3.4,1.0,59.1,3.0,5.0,43.0,39.8,0,0,6,1.2,0
EMP10374,Sales,Mid,Diploma,78.3,64.0,5.8,3.8,65.6,4.34,4.38,43.2,34.4,1,0,6,31.6,0
EMP10375,Sales,Mid,Master,76.1,52.7,6.8,5.7,70.3,5.0,,78.8,41.2,2,0,6,14.3,0
EMP10376,Product,Mid,Bachelor,81.5,,4.2,0.9,71.4,2.55,5.0,44.8,22.5,1,1,6,27.1,1
EMP10377,HR,Senior,Bachelor,79.8,62.1,6.9,4.7,74.9,3.47,3.35,71.3,20.0,3,0,6,1.0,0
EMP10378,HR,Senior,Master,78.5,62.6,11.8,9.5,59.9,4.52,4.8,66.8,12.5,2,1,6,6.0,1
EMP10379,Operations,Manager,Master,70.9,69.1,16.0,4.0,49.2,2.76,3.77,71.0,24.6,4,0,6,54.0,0
EMP10380,Finance,Manager,Master,74.7,70.9,10.8,2.9,90.7,4.07,4.49,72.5,48.6,4,0,6,38.9,1
EMP10381,Product,Mid,Master,83.7,65.0,8.1,5.3,,4.49,3.27,50.1,55.3,1,0,6,26.9,1
EMP10382,Marketing,Junior,Bachelor,64.8,69.8,2.8,1.7,74.3,3.75,4.19,49.4,14.8,2,0,6,16.1,0
EMP10383,HR,Senior,Master,65.1,69.5,9.7,2.4,49.5,,3.57,76.4,28.2,4,0,6,13.0,0
EMP10384,Engineering,Manager,Bachelor,74.0,72.3,14.0,10.4,57.2,4.84,4.86,54.9,61.1,2,0,6,35.6,1
EMP10385,Product,Mid,Bachelor,76.6,39.4,8.2,4.4,75.1,4.97,4.06,21.0,65.2,1,1,6,31.7,0
EMP10386,Operations,Mid,Bachelor,62.9,94.5,6.2,4.9,86.8,3.66,4.41,75.4,24.0,1,0,6,55.8,0
EMP10387,Product,Mid,Bachelor,71.2,68.1,9.1,7.0,51.0,3.35,2.24,48.4,50.8,2,0,6,29.4,0
EMP10388,Sales,Junior,PhD,71.0,77.5,3.7,2.7,66.3,3.1,3.69,72.5,46.5,3,0,6,32.1,0
EMP10389,Marketing,Senior,Bachelor,47.6,52.1,10.4,5.6,70.7,,4.04,87.3,44.6,3,0,6,10.6,0
EMP10390,Operations,Mid,Bachelor,69.6,63.9,4.2,1.5,80.1,2.81,3.91,65.3,10.5,2,0,6,27.0,0
EMP10391,Sales,Senior,Master,70.3,61.3,13.7,7.2,63.2,3.54,4.42,80.9,21.0,3,0,6,37.2,0
EMP10392,Finance,Lead,Master,70.2,89.1,12.0,3.2,46.1,3.77,3.49,67.5,26.7,4,0,6,22.3,1
EMP10393,Operations,Lead,Bachelor,87.6,62.4,12.6,7.9,76.7,3.37,3.78,90.4,26.3,1,0,6,25.0,1
EMP10394,Sales,Mid,Bachelor,58.6,79.9,2.5,0.7,83.7,3.88,4.58,48.0,28.1,2,0,6,36.5,0
EMP10395,HR,Mid,Bachelor,62.9,61.5,4.2,2.2,66.8,5.0,2.15,64.9,68.7,1,0,6,61.2,0
EMP10396,Marketing,Senior,Master,,64.1,11.7,2.8,73.7,3.62,4.16,75.8,24.5,2,0,6,36.1,0
EMP10397,Engineering,Senior,Bachelor,66.7,66.8,9.6,3.8,61.4,3.42,3.52,62.0,35.2,6,0,6,53.6,0
EMP10398,HR,Mid,Bachelor,67.6,86.7,1.8,0.6,56.2,4.36,3.11,83.4,34.6,1,1,6,40.6,1
EMP10399,HR,Lead,Bachelor,66.4,45.4,13.3,8.0,82.4,3.86,3.99,58.1,28.3,2,0,6,56.3,0
EMP10400,Engineering,Junior,Master,84.2,52.9,1.8,1.3,73.4,4.64,4.61,98.1,15.3,0,0,6,24.5,1
EMP10401,Product,Lead,Bachelor,81.5,44.7,14.1,3.3,74.9,3.81,4.48,99.0,30.2,2,1,6,33.2,1
EMP10402,Marketing,Junior,PhD,72.9,55.9,2.8,2.1,89.0,3.54,,69.5,8.1,0,1,6,31.3,0
EMP10403,Sales,Junior,Bachelor,67.9,59.4,3.5,2.7,53.2,2.54,4.36,73.8,37.0,1,0,6,44.1,0
EMP10404,Product,Mid,Master,83.3,49.0,8.6,3.6,60.3,2.65,4.36,84.1,7.2,0,0,6,50.4,0
EMP10405,Marketing,Junior,Bachelor,,60.5,1.0,0.6,70.2,2.51,3.69,46.0,35.3,0,0,6,36.4,0
EMP10406,Engineering,Junior,Bachelor,63.0,43.8,0.8,0.4,60.1,3.95,3.26,44.0,20.4,1,0,6,52.9,0
EMP10407,Marketing,Junior,Bachelor,53.1,56.8,2.6,0.8,79.0,2.81,3.31,85.1,16.6,0,0,6,24.6,0
EMP10408,Sales,Mid,Master,67.1,85.6,7.8,4.2,65.4,4.52,4.34,69.4,42.1,2,1,6,45.5,1
EMP10409,Product,Senior,PhD,80.3,75.2,6.1,1.6,54.1,3.72,3.72,61.4,23.0,1,1,6,49.7,0
EMP10410,Operations,Junior,Bachelor,97.0,72.4,0.0,0.0,68.9,3.54,3.02,65.2,29.4,1,0,6,44.2,0
EMP10411,Operations,Senior,Bachelor,72.7,57.0,10.8,8.6,70.4,3.15,2.57,26.8,10.7,3,0,6,37.2,0
EMP10412,Sales,Lead,Diploma,63.6,50.0,9.7,7.1,81.1,4.1,4.33,62.0,57.3,3,0,6,48.8,0
EMP10413,Product,Junior,Master,59.0,55.2,2.1,1.2,73.5,3.18,3.37,53.0,30.9,4,0,6,19.0,0
EMP10414,Sales,Junior,Bachelor,78.1,69.4,0.0,0.0,74.5,3.06,3.98,79.7,30.9,1,0,6,36.1,0
EMP10415,Engineering,Lead,Bachelor,52.6,81.3,9.5,8.0,72.5,4.47,4.62,80.9,51.5,3,0,6,35.8,1
EMP10416,Sales,Lead,Master,78.1,81.7,11.0,4.0,65.4,3.93,2.83,74.2,37.4,2,0,6,6.4,0
EMP10417,Marketing,Mid,Master,81.0,78.2,8.0,2.0,58.0,,3.72,71.3,5.1,3,1,6,39.5,1
EMP10418,Engineering,Lead,Master,76.8,60.4,9.3,5.3,72.0,4.12,3.63,41.0,60.2,2,0,6,11.6,1
EMP10419,Product,Junior,Diploma,69.6,70.3,6.6,2.7,63.3,3.71,4.02,74.5,24.0,2,0,6,24.6,0
EMP10420,Operations,Mid,Bachelor,78.2,65.8,4.5,1.8,91.7,3.95,4.62,75.1,58.4,1,0,6,33.9,1
EMP10421,Sales,Senior,Bachelor,73.9,67.4,7.5,1.5,86.8,3.17,2.82,84.9,23.6,1,0,6,19.7,0
EMP10422,Sales,Mid,Bachelor,63.4,96.5,9.4,5.5,76.9,5.0,4.15,98.9,20.7,0,0,6,29.1,1
EMP10423,Sales,Senior,Bachelor,92.4,47.1,9.5,3.5,73.3,3.32,4.47,37.9,36.1,1,0,6,37.7,0
EMP10424,Operations,Mid,Bachelor,,66.9,4.8,1.5,66.8,4.71,3.62,58.8,75.6,1,0,6,18.2,1
EMP10425,Marketing,Senior,Bachelor,80.5,,8.7,2.0,50.3,3.58,3.65,53.1,50.7,1,1,6,39.8,0
EMP10426,Engineering,Mid,Bachelor,45.4,50.9,9.0,3.9,65.0,4.22,4.04,67.8,38.1,3,1,6,22.1,1
EMP10427,Marketing,Mid,Master,86.0,61.6,9.2,7.1,69.4,4.18,3.99,65.2,35.8,2,0,6,75.1,0
EMP10428,Sales,Junior,Bachelor,88.2,63.1,1.2,0.5,71.2,4.45,4.16,61.3,30.1,0,0,6,31.7,0
EMP10429,Marketing,Junior,Bachelor,72.3,67.1,2.9,1.9,74.6,3.15,4.14,81.4,57.1,0,0,6,11.8,1
EMP10430,Product,Senior,Master,78.1,49.3,9.2,6.4,80.9,4.4,3.06,47.4,42.7,1,0,6,18.4,0
EMP10431,Marketing,Junior,Master,78.1,77.7,0.8,0.3,58.3,4.9,4.44,48.3,12.4,1,1,6,51.7,1
EMP10432,Operations,Junior,Master,64.9,78.7,2.9,2.1,58.4,3.53,4.57,48.6,16.6,1,0,6,23.5,0
EMP10433,Marketing,Junior,Master,78.0,76.6,3.0,1.9,88.3,3.72,3.88,59.2,38.8,1,1,6,6.7,1
EMP10434,Sales,Junior,Master,63.1,58.7,5.5,3.1,78.8,3.36,2.7,45.3,15.0,1,1,6,49.8,0
EMP10435,Engineering,Lead,Bachelor,65.3,71.1,13.7,2.7,62.5,,3.67,64.2,30.9,2,0,6,24.7,0
EMP10436,Sales,Mid,Bachelor,84.4,58.3,5.3,1.2,66.5,4.81,3.89,62.4,44.5,2,0,6,46.3,0
EMP10437,Finance,Manager,Master,,65.7,12.5,10.6,66.6,3.05,2.95,52.4,36.2,3,0,6,50.0,0
EMP10438,Operations,Junior,Bachelor,64.2,98.0,4.5,3.2,68.4,3.09,3.5,79.0,13.6,1,0,6,32.3,0
EMP10439,Operations,Senior,Bachelor,63.9,71.2,7.7,6.2,74.6,4.75,2.76,64.0,17.2,2,0,6,75.3,0
EMP10440,Marketing,Mid,Bachelor,64.9,54.6,7.3,5.7,99.0,4.11,4.18,82.0,36.8,1,1,6,4.1,1
EMP10441,Sales,Mid,Bachelor,80.1,72.3,5.8,1.2,70.7,5.0,3.87,61.9,71.5,3,0,6,17.3,1
EMP10442,Operations,Lead,Bachelor,61.0,52.4,8.9,6.4,77.3,3.41,2.6,64.6,27.5,2,0,6,31.0,0
EMP10443,Engineering,Manager,Bachelor,75.9,54.4,10.9,5.4,44.4,3.78,4.0,56.0,45.2,4,0,6,75.9,0
EMP10444,Engineering,Lead,PhD,80.2,56.5,14.2,10.1,61.2,3.27,3.71,64.9,36.4,1,0,6,67.2,0
EMP10445,Operations,Junior,Diploma,71.0,64.2,2.7,0.6,85.2,3.79,4.11,76.4,20.3,0,0,6,56.6,0
EMP10446,Product,Junior,Bachelor,83.1,82.2,6.6,2.6,73.6,2.55,3.48,58.4,45.5,1,1,6,15.9,1
EMP10447,Operations,Senior,Diploma,68.7,77.5,7.9,5.4,20.0,4.15,3.19,73.3,10.5,3,0,6,18.9,0
EMP10448,Sales,Mid,Bachelor,69.6,76.8,6.6,4.7,77.4,3.91,3.21,52.0,43.8,1,0,6,16.3,0
EMP10449,Operations,Senior,Diploma,61.3,55.7,14.3,8.6,94.9,3.66,3.37,77.1,37.5,1,0,6,20.9,1
EMP10450,Sales,Mid,Diploma,83.2,63.0,3.7,1.5,40.1,3.45,3.76,55.7,21.4,1,0,6,60.5,0
EMP10451,Product,Mid,Bachelor,63.6,73.5,1.8,0.7,89.3,3.12,3.85,78.6,15.8,1,0,6,27.4,1
EMP10452,Operations,Lead,Master,75.8,61.8,13.8,11.4,29.2,4.17,3.62,66.0,22.4,3,1,6,31.9,1
EMP10453,Engineering,Senior,Diploma,71.2,66.4,7.2,3.5,81.1,,3.45,89.3,19.4,1,0,6,47.0,0
EMP10454,Sales,Junior,Diploma,60.4,75.7,3.0,1.5,67.9,4.03,,46.5,25.2,0,1,6,1.4,0
EMP10455,Engineering,Junior,Diploma,,65.5,1.7,1.0,35.1,5.0,5.0,41.4,23.7,1,1,6,34.2,0
EMP10456,Product,Senior,Master,87.2,72.9,9.6,4.5,74.2,4.67,3.21,55.1,21.4,1,0,6,12.1,0
EMP10457,HR,Mid,Bachelor,74.2,90.7,3.9,2.2,84.1,2.72,3.36,42.8,10.2,1,0,6,23.4,0
EMP10458,Marketing,Mid,PhD,60.9,67.8,5.6,2.7,73.1,3.35,5.0,42.9,14.5,4,1,6,22.2,1
EMP10459,Operations,Mid,Master,75.4,85.3,7.0,5.2,76.2,3.97,4.04,74.9,49.1,2,1,6,18.2,1
EMP10460,Finance,Senior,Master,70.4,77.3,6.8,5.4,62.2,,2.78,64.9,21.7,1,0,6,35.1,0
EMP10461,Sales,Lead,Bachelor,99.0,50.9,9.5,7.7,,2.79,4.34,57.3,25.5,8,0,6,39.8,0
EMP10462,Product,Mid,Master,75.1,55.7,5.2,2.9,77.7,3.95,3.11,58.8,23.0,3,0,6,31.0,0
EMP10463,Engineering,Mid,Bachelor,,59.2,2.9,1.4,92.5,3.69,4.39,55.4,57.7,1,1,6,41.0,1
EMP10464,Finance,Mid,,87.6,58.9,5.1,3.4,83.8,4.94,3.6,91.4,19.2,1,1,6,18.8,1
EMP10465,Operations,Mid,Bachelor,51.7,68.8,6.3,4.7,40.2,3.54,3.44,53.2,18.4,2,1,6,44.9,0
EMP10466,Operations,Mid,Master,73.0,78.0,5.1,2.9,46.8,4.46,4.88,43.8,38.0,0,0,6,27.2,0
EMP10467,Product,Mid,PhD,93.9,86.3,5.4,3.5,56.2,2.88,4.15,77.7,32.1,1,0,6,20.8,0
EMP10468,Sales,Senior,Bachelor,70.7,74.0,9.0,6.2,45.7,3.03,4.43,61.5,38.5,0,1,6,17.4,0
EMP10469,Finance,Junior,Master,52.9,64.2,1.6,1.0,68.6,4.17,4.05,97.6,37.3,1,0,6,29.1,0
EMP10470,HR,Junior,Bachelor,67.6,42.9,4.5,3.1,,4.4,3.44,56.6,46.1,1,1,6,70.9,0
EMP10471,HR,Junior,Diploma,88.0,70.9,6.2,2.1,48.0,3.08,4.18,78.5,13.4,2,0,6,31.1,0
EMP10472,Sales,Lead,Master,76.1,70.3,10.0,5.2,78.9,3.72,4.6,82.3,36.1,2,1,6,11.7,1
EMP10473,Sales,Senior,Bachelor,62.8,72.4,10.1,5.9,76.4,2.8,3.84,56.7,18.5,5,0,6,48.5,0
EMP10474,Engineering,Junior,Bachelor,64.5,97.4,2.5,0.5,60.3,3.58,5.0,53.1,8.3,0,0,6,19.0,1
EMP10475,Engineering,Lead,,65.8,86.1,11.8,8.9,65.6,4.24,4.35,76.9,37.1,0,0,6,34.6,1
EMP10476,HR,Mid,Bachelor,76.0,80.2,9.4,5.6,40.7,,3.9,74.2,36.1,1,0,6,19.7,0
EMP10477,Operations,Mid,Diploma,86.7,57.5,7.1,2.0,63.3,3.54,3.93,42.4,28.8,1,0,6,57.7,0
EMP10478,Operations,Manager,Master,83.6,63.3,9.1,6.6,,2.97,3.85,46.9,46.5,2,1,6,23.0,0
EMP10479,HR,Junior,Bachelor,77.0,68.8,4.0,2.7,70.4,3.28,2.87,24.4,18.5,0,0,6,57.8,0
EMP10480,HR,Junior,PhD,57.4,59.9,5.7,3.9,73.3,4.84,3.69,74.5,40.2,2,0,6,15.3,0
EMP10481,Engineering,Mid,Bachelor,57.4,76.5,5.5,2.5,71.4,3.75,3.9,60.8,26.7,0,0,6,26.0,0
EMP10482,Finance,Junior,PhD,77.9,74.6,5.2,3.9,64.3,3.05,3.46,62.4,27.8,2,1,6,56.8,0
EMP10483,Engineering,Senior,Bachelor,,55.9,7.5,3.5,72.0,3.5,3.99,37.9,9.1,1,1,6,38.0,0
EMP10484,Sales,Junior,Master,69.5,85.6,0.0,0.0,82.0,2.66,3.76,47.4,46.7,0,1,6,70.5,0
EMP10485,HR,Junior,Diploma,75.3,71.3,3.3,0.7,66.7,3.04,4.29,57.4,35.4,1,1,6,27.3,0
EMP10486,HR,Junior,Bachelor,59.5,47.5,0.0,0.0,72.4,4.58,4.21,54.2,39.4,2,0,6,41.1,1
EMP10487,Engineering,Mid,Master,60.7,69.3,5.5,3.7,65.4,3.61,3.87,66.9,17.1,0,1,6,66.8,0
EMP10488,Finance,Junior,Diploma,71.0,73.7,5.8,3.3,58.9,4.93,2.79,74.3,33.3,3,0,6,4.5,1
EMP10489,Finance,Junior,Bachelor,77.5,82.6,0.0,0.0,,,5.0,99.0,26.7,2,0,6,1.0,1
EMP10490,Operations,Lead,,83.7,65.6,8.2,6.0,60.2,3.68,3.65,64.7,36.3,4,0,6,18.9,1
EMP10491,Operations,Mid,Master,78.7,80.8,3.7,2.4,73.4,4.12,3.69,82.8,32.5,0,0,6,45.1,0
EMP10492,Operations,Mid,Bachelor,72.8,72.4,5.9,2.2,68.4,1.96,3.51,51.7,63.3,1,1,6,3.0,0
EMP10493,Engineering,Junior,Bachelor,63.8,52.9,2.2,1.8,63.7,3.83,3.41,38.2,53.7,0,0,6,46.2,0
EMP10494,Marketing,Mid,Bachelor,60.2,51.6,9.1,6.0,63.4,3.67,4.83,59.4,25.1,2,1,6,45.2,1
EMP10495,Finance,Mid,Master,66.4,84.6,8.1,6.8,60.9,4.67,4.72,39.4,37.1,2,1,6,66.0,1
EMP10496,HR,Senior,Bachelor,76.5,85.5,10.1,8.4,45.0,4.33,4.06,65.2,24.0,2,0,6,48.4,0
EMP10497,Operations,Junior,Bachelor,75.7,74.2,3.3,2.6,73.4,2.96,3.67,52.5,45.9,0,0,6,38.2,0
EMP10498,Engineering,Lead,PhD,48.9,89.4,11.9,8.2,71.2,4.51,,33.7,27.3,2,0,6,53.4,0
EMP10499,Finance,Lead,Master,63.4,83.7,9.1,5.4,,3.53,,92.8,22.2,2,0,6,39.6,1
EMP10500,Operations,Junior,PhD,,78.9,4.9,1.5,60.6,3.11,3.62,56.4,33.1,1,1,6,22.5,1
EMP10501,Product,Junior,Bachelor,72.9,58.2,0.6,0.3,94.5,3.83,3.99,38.8,51.6,4,0,6,13.9,1
EMP10502,Product,Junior,Diploma,56.4,92.5,4.8,3.3,62.7,3.57,3.44,79.4,47.6,3,0,6,18.1,0
EMP10503,Finance,Senior,Master,97.9,77.0,11.6,6.2,55.7,4.7,3.93,53.3,22.9,2,0,6,30.4,1
EMP10504,Finance,Junior,Bachelor,71.7,,3.5,2.7,54.1,3.92,3.89,82.4,60.6,1,0,6,36.5,0
EMP10505,Marketing,Lead,PhD,76.2,61.3,10.6,2.9,43.7,3.83,4.17,53.3,17.7,2,0,6,1.0,0
EMP10506,Engineering,Senior,Bachelor,76.4,73.3,9.9,4.4,89.5,4.29,3.32,56.3,20.8,0,0,6,27.9,0
EMP10507,Marketing,Lead,Bachelor,68.0,48.3,4.7,2.5,87.2,4.41,4.25,70.5,44.9,9,0,6,36.8,1
EMP10508,Finance,Mid,Bachelor,64.0,,6.7,3.2,76.4,4.21,3.12,74.5,8.4,1,1,6,40.6,0
EMP10509,Sales,Manager,Master,95.3,57.6,12.8,3.5,55.5,4.62,3.35,77.3,29.5,3,0,6,63.9,0
EMP10510,Sales,Junior,Bachelor,83.0,74.8,2.9,0.9,93.4,4.1,,63.6,25.0,0,0,6,34.9,0
EMP10511,Marketing,Mid,Bachelor,81.0,63.2,7.6,5.7,63.1,3.81,3.0,73.5,62.3,1,0,6,17.3,0
EMP10512,Sales,Mid,Bachelor,,66.6,5.8,3.0,64.2,4.51,4.46,76.9,15.9,0,0,6,1.0,0
EMP10513,Engineering,Manager,Bachelor,61.0,60.2,10.5,2.4,88.1,3.64,3.07,68.2,16.9,5,0,6,46.5,0
EMP10514,Engineering,Mid,Bachelor,86.1,67.9,5.7,1.2,77.2,3.72,3.26,62.7,66.5,3,1,6,17.1,1
EMP10515,Engineering,Senior,Master,62.7,94.6,9.1,4.6,98.8,4.82,4.63,41.9,25.2,1,0,6,43.6,1
EMP10516,Engineering,Junior,Bachelor,75.1,88.0,3.3,1.0,71.5,4.75,3.35,74.6,50.6,0,0,6,54.3,0
EMP10517,Operations,Manager,Bachelor,54.0,74.6,13.4,8.8,62.4,3.69,3.62,65.7,23.1,0,0,6,3.8,0
EMP10518,Sales,Mid,Master,49.6,69.7,8.3,6.0,59.4,3.41,3.04,58.4,20.3,2,0,6,42.4,0
EMP10519,Marketing,Mid,Bachelor,75.5,81.0,3.6,1.3,42.1,4.65,4.33,85.4,51.9,3,0,6,53.7,0
EMP10520,Marketing,Manager,Master,63.1,84.7,13.4,7.8,64.1,4.22,4.34,42.2,74.5,2,1,6,48.1,1
EMP10521,Engineering,Mid,Bachelor,50.1,59.2,8.8,2.6,84.0,3.91,4.27,91.3,53.8,1,1,6,1.0,0
EMP10522,Sales,Mid,Bachelor,77.9,69.0,2.2,0.9,76.4,3.49,4.13,64.6,22.3,1,0,6,17.2,0
EMP10523,Operations,Mid,Bachelor,95.3,46.3,6.4,5.0,68.3,3.92,3.8,70.1,28.8,2,1,6,13.6,0
EMP10524,Sales,Junior,Bachelor,87.3,84.6,1.7,0.9,54.1,3.69,3.38,58.7,17.4,0,0,6,39.2,0
EMP10525,Engineering,Mid,Bachelor,69.2,,5.2,4.0,71.2,3.27,3.18,38.3,19.0,3,0,6,35.0,0
EMP10526,Product,Junior,Master,72.1,71.0,1.0,0.3,82.2,3.78,4.65,62.8,18.5,2,1,6,1.0,1
EMP10527,Product,Junior,Bachelor,81.8,42.4,2.6,1.1,74.0,3.87,4.29,70.4,23.4,1,0,6,32.0,0
EMP10528,Marketing,Lead,Master,84.3,,15.1,7.6,70.3,3.46,3.26,75.8,31.2,1,0,6,45.4,0
EMP10529,Engineering,Mid,Master,68.2,58.2,3.2,1.6,56.8,4.29,3.78,61.8,29.4,0,0,6,37.2,0
EMP10530,Operations,Mid,Bachelor,72.4,61.4,3.4,2.9,80.1,4.54,3.54,29.9,41.7,0,1,6,36.6,1
EMP10531,Operations,Mid,Master,75.3,78.1,3.1,0.9,24.2,4.33,2.96,40.3,32.1,5,0,6,24.4,0
EMP10532,HR,Mid,Bachelor,78.1,73.3,9.8,7.4,73.4,3.52,3.87,97.8,39.8,2,1,6,12.7,1
EMP10533,Operations,Senior,Bachelor,70.5,63.7,8.0,6.1,99.0,4.19,3.46,47.5,42.9,4,0,6,33.2,1
EMP10534,Sales,Lead,Bachelor,70.7,61.6,10.9,6.1,46.9,3.75,3.08,87.8,22.5,0,1,6,34.8,0
EMP10535,Engineering,Manager,Master,87.2,71.6,12.1,5.1,64.6,2.9,2.71,50.1,27.0,0,0,6,43.2,0
EMP10536,Finance,Mid,Diploma,,64.7,3.9,2.1,67.9,4.14,2.66,62.1,112.0,1,0,6,45.9,0
EMP10537,Engineering,Mid,Bachelor,77.3,55.6,5.5,2.1,61.5,3.79,3.49,75.0,21.5,1,0,6,36.5,0
EMP10538,Engineering,Mid,Master,90.9,65.7,11.4,8.2,82.5,5.0,3.69,51.9,40.9,3,0,6,52.9,1
EMP10539,Marketing,Mid,Master,67.7,74.4,9.1,4.8,74.6,4.65,3.14,90.5,13.9,2,0,6,24.9,1
EMP10540,Product,Mid,Bachelor,89.9,67.7,4.1,3.3,70.1,4.16,4.21,66.2,43.5,2,1,6,6.8,1
EMP10541,Finance,Senior,Master,78.0,51.6,10.4,6.3,79.2,3.86,3.7,72.4,19.6,0,0,6,44.3,0
EMP10542,Marketing,Mid,Master,99.0,82.9,4.2,2.2,68.2,3.81,4.15,60.7,30.0,2,0,6,32.4,1
EMP10543,Product,Mid,Diploma,58.9,34.4,2.1,1.4,99.0,,,75.5,12.6,2,1,6,47.8,0
EMP10544,Sales,Mid,Diploma,64.4,64.2,8.2,4.3,70.1,2.57,3.2,90.3,28.4,1,0,6,10.7,0
EMP10545,HR,Mid,Bachelor,76.6,61.9,8.6,6.8,70.7,3.13,3.83,62.9,28.7,2,0,6,66.1,0
EMP10546,HR,Junior,Bachelor,76.4,71.9,5.3,1.7,44.1,3.67,2.87,92.7,26.4,1,0,6,44.8,0
EMP10547,Sales,Junior,Master,93.5,77.3,2.0,1.7,60.4,2.33,4.13,55.2,36.5,0,0,6,25.9,0
EMP10548,Operations,Senior,Bachelor,64.6,84.6,8.6,6.3,84.1,3.35,3.09,77.2,49.7,1,0,6,12.9,1
EMP10549,HR,Mid,Bachelor,82.0,60.7,7.6,5.8,49.3,3.54,4.39,72.8,16.9,2,1,6,53.5,0
EMP10550,HR,Junior,Diploma,84.8,77.6,3.9,2.0,37.8,3.56,,47.9,26.8,3,0,6,11.2,0
EMP10551,Sales,Mid,Bachelor,79.8,72.5,5.1,3.8,68.5,3.27,4.49,68.4,13.1,0,0,6,72.7,0
EMP10552,Engineering,Senior,Bachelor,61.4,47.7,5.4,2.2,87.2,3.48,2.96,65.1,9.7,0,0,6,25.4,0
EMP10553,Product,Mid,PhD,87.5,94.7,6.3,4.4,68.6,4.82,3.28,51.3,31.8,1,0,6,58.9,0
EMP10554,Sales,Lead,Bachelor,85.5,51.3,13.4,3.9,63.3,4.13,4.02,70.7,16.2,2,0,6,32.4,1
EMP10555,Engineering,Lead,Bachelor,78.6,75.5,8.4,3.4,42.0,3.34,4.57,67.3,29.3,3,1,6,59.9,1
EMP10556,Engineering,Senior,Diploma,74.2,75.1,10.4,5.1,74.3,3.66,4.92,63.8,32.5,4,0,6,18.3,1
EMP10557,Finance,Senior,Bachelor,,73.6,9.7,4.0,77.3,3.68,3.78,63.9,10.7,2,0,6,32.1,0
EMP10558,Finance,Junior,Bachelor,71.1,63.6,4.7,2.1,43.1,3.2,5.0,63.6,35.0,0,1,6,48.0,0
EMP10559,Finance,Manager,Bachelor,79.0,80.8,14.9,10.9,83.9,3.2,3.55,59.1,48.5,3,1,6,42.4,1
EMP10560,Sales,Mid,Diploma,72.3,49.7,4.5,1.7,78.7,4.36,4.52,67.2,39.0,1,1,6,55.9,0
EMP10561,Engineering,Lead,Bachelor,62.7,69.1,7.4,5.1,83.9,3.43,3.09,54.7,17.1,6,1,6,23.8,0
EMP10562,Marketing,Mid,Master,60.5,62.7,4.8,1.2,76.2,2.99,4.04,99.0,28.3,0,0,6,35.2,0
EMP10563,Operations,Junior,Bachelor,63.7,61.2,5.0,3.5,77.2,3.67,2.11,42.5,30.0,1,0,6,56.5,0
EMP10564,Operations,Junior,Bachelor,74.4,75.6,1.8,1.3,75.3,3.78,2.96,55.6,27.0,2,1,6,18.7,1
EMP10565,Operations,Senior,Diploma,71.7,84.0,7.5,3.5,80.2,2.42,4.08,56.9,13.5,5,1,6,40.2,1
EMP10566,Marketing,Mid,Master,74.4,65.5,2.0,1.3,42.5,3.67,2.83,97.6,18.7,1,0,6,29.3,0
EMP10567,Sales,Junior,Diploma,77.5,80.1,6.9,5.5,47.0,4.26,4.05,43.9,25.8,2,0,6,34.3,1
EMP10568,Engineering,Senior,Bachelor,65.1,70.6,10.8,7.8,57.7,3.99,4.38,71.8,32.3,3,1,6,33.8,0
EMP10569,Finance,Lead,Master,88.1,58.4,12.7,5.8,66.2,5.0,3.4,69.0,21.4,3,0,6,20.3,0
EMP10570,Engineering,Mid,PhD,69.1,66.6,8.1,4.2,73.4,4.51,3.07,70.3,5.8,1,0,6,28.3,0
EMP10571,Marketing,Mid,Bachelor,67.2,66.1,7.3,5.2,72.5,4.64,3.42,84.8,9.0,2,0,6,35.7,1
EMP10572,Finance,Junior,Bachelor,77.3,60.9,2.5,1.0,83.6,5.0,3.07,84.5,22.1,1,0,6,32.2,0
EMP10573,Marketing,Senior,PhD,51.8,75.6,8.6,6.2,84.1,4.19,3.68,57.8,63.3,3,0,6,59.7,0
EMP10574,Marketing,Mid,Bachelor,63.3,73.1,5.1,2.1,55.8,3.81,3.82,68.1,35.1,1,0,6,50.0,0
EMP10575,Finance,Lead,Master,82.8,49.3,16.8,12.2,71.3,4.33,3.54,35.2,31.8,2,1,6,41.3,1
EMP10576,Product,Mid,,52.9,48.5,7.2,1.8,,3.34,4.92,66.6,18.5,0,0,6,22.5,0
EMP10577,Finance,Mid,Bachelor,84.3,75.5,5.0,1.1,65.4,3.77,3.25,52.3,22.7,2,0,6,16.6,1
EMP10578,Marketing,Mid,Bachelor,88.6,59.4,7.0,5.9,72.5,3.28,4.72,62.0,8.5,0,0,6,69.8,0
EMP10579,Engineering,Junior,Bachelor,67.9,73.9,0.8,0.6,20.3,3.96,3.02,38.0,17.8,0,0,6,13.5,0
EMP10580,Finance,Senior,Bachelor,75.2,80.2,12.3,9.5,99.0,3.28,,71.5,34.3,3,1,6,32.6,1
EMP10581,Finance,Mid,Bachelor,84.3,53.5,4.5,3.7,75.9,3.25,4.58,37.9,31.9,0,0,6,41.9,0
EMP10582,Sales,Mid,Master,,,7.1,3.4,59.7,3.97,4.54,67.4,20.3,1,0,6,30.1,0
EMP10583,HR,Manager,Bachelor,81.5,91.8,15.3,5.9,95.0,,3.46,45.4,27.0,3,0,6,10.4,0
EMP10584,Product,Manager,Master,,74.6,13.8,3.9,63.1,2.45,4.14,51.4,29.4,4,0,6,17.4,0
EMP10585,Operations,Lead,Bachelor,66.7,,11.2,5.9,69.9,2.75,4.04,83.5,20.9,5,0,6,23.6,1
EMP10586,Engineering,Junior,Bachelor,63.2,,3.0,1.0,61.2,2.95,,74.4,36.2,0,1,6,21.8,0
EMP10587,Engineering,Senior,Bachelor,75.8,63.4,8.9,7.2,91.1,3.13,4.18,83.4,31.6,6,0,6,57.5,1
EMP10588,Engineering,Lead,Master,84.7,54.5,9.7,2.0,66.5,3.97,5.0,90.0,23.1,1,0,6,35.0,0
EMP10589,Sales,Mid,Bachelor,70.0,81.5,5.0,1.5,70.1,3.84,4.08,52.6,14.1,2,1,6,20.9,1
EMP10590,Product,Junior,,58.0,59.9,6.3,2.3,84.9,4.39,4.15,89.0,22.2,1,0,6,36.1,0
EMP10591,HR,Lead,PhD,60.1,84.2,10.8,3.6,76.2,4.19,4.22,41.6,21.5,4,0,6,41.9,1
EMP10592,Engineering,Mid,Master,76.3,64.8,4.3,1.5,67.2,4.4,2.73,76.9,20.3,1,0,6,27.1,0
EMP10593,Finance,Mid,Bachelor,92.3,56.4,4.9,3.1,83.5,4.1,4.07,57.1,11.0,2,1,6,51.1,1
EMP10594,Sales,Manager,Diploma,76.3,64.5,15.4,6.4,99.0,3.84,3.04,50.1,54.9,4,0,6,10.5,1
EMP10595,Engineering,Senior,Bachelor,67.7,35.9,10.5,6.3,72.4,4.41,3.34,74.8,53.6,5,0,6,59.6,0
EMP10596,Operations,Mid,Bachelor,80.4,68.4,7.2,5.6,69.6,4.3,5.0,80.1,26.5,3,1,6,32.5,1
EMP10597,Operations,Mid,Bachelor,69.4,67.8,5.4,3.2,70.4,3.94,3.57,79.6,32.2,1,1,6,31.9,0
EMP10598,Product,Mid,Bachelor,67.8,80.7,7.3,4.8,86.3,4.53,3.23,68.4,35.9,1,1,6,18.0,0
EMP10599,Operations,Junior,Bachelor,61.5,45.5,1.6,0.7,59.6,2.18,,67.1,26.7,2,0,6,14.7,0
EMP10600,HR,Senior,Master,87.5,85.1,8.4,2.6,64.1,3.51,3.09,73.4,33.4,6,1,6,1.0,1
EMP10601,Marketing,Lead,Bachelor,44.1,80.7,13.1,5.3,46.5,3.5,3.44,69.9,38.4,3,0,6,16.7,0
EMP10602,Product,Mid,Master,80.8,86.3,7.9,6.5,51.4,4.45,4.62,73.7,31.0,1,1,6,40.0,1
EMP10603,Operations,Mid,Diploma,66.9,69.3,3.8,2.3,60.8,4.72,3.78,68.3,41.8,1,1,6,15.2,0
EMP10604,Product,Lead,Master,67.5,83.2,9.1,3.5,67.2,2.76,2.66,78.5,19.9,7,0,6,2.2,1
EMP10605,Marketing,Junior,Master,90.6,50.9,3.2,1.6,92.8,4.62,4.13,39.0,28.3,1,0,6,19.5,1
EMP10606,Marketing,Mid,Master,64.1,79.3,9.8,7.3,75.5,2.94,3.47,62.9,92.5,2,0,6,23.8,0
EMP10607,Sales,Mid,Diploma,64.5,60.0,1.8,1.1,55.2,2.96,4.83,42.9,46.6,3,1,6,28.0,0
EMP10608,Operations,Senior,Bachelor,70.6,48.5,9.6,5.4,57.8,3.55,3.33,69.4,31.4,1,0,6,33.9,0
EMP10609,HR,Junior,Bachelor,76.6,55.4,0.0,0.0,87.2,3.49,4.49,91.3,16.9,2,1,6,53.6,1
EMP10610,Finance,Senior,Master,67.1,70.1,7.6,4.8,83.8,2.69,4.99,57.4,29.1,3,0,6,54.9,0
EMP10611,Operations,Mid,Master,54.7,59.3,5.2,3.2,68.4,4.12,3.15,67.0,45.1,2,0,6,70.4,0
EMP10612,Product,Senior,Bachelor,62.5,74.9,8.1,2.6,61.8,4.14,3.61,77.1,40.5,0,0,6,2.3,0
EMP10613,Product,Junior,Master,86.1,46.5,1.8,0.5,83.7,4.39,4.02,31.9,9.4,0,1,6,21.2,0
EMP10614,Engineering,Mid,Bachelor,72.8,42.3,6.0,5.0,54.1,3.42,3.15,56.6,11.3,3,0,6,50.0,0
EMP10615,Operations,Mid,Diploma,77.0,87.8,4.8,2.8,73.5,3.67,3.94,70.8,11.6,3,0,6,21.0,1
EMP10616,Operations,Junior,Bachelor,69.1,81.7,0.0,0.0,99.0,3.68,3.59,18.6,36.1,4,0,6,45.8,1
EMP10617,Engineering,Junior,Bachelor,64.7,56.4,4.7,2.7,70.9,4.8,3.58,49.4,11.7,2,1,6,38.6,0
EMP10618,Sales,Junior,Bachelor,90.5,70.0,4.7,1.1,57.1,1.86,3.78,82.6,16.5,1,1,6,60.8,0
EMP10619,Sales,Mid,Bachelor,69.9,83.3,7.9,5.8,73.7,3.08,3.8,81.0,26.2,2,0,6,48.8,0
EMP10620,Marketing,Junior,Bachelor,67.1,,0.0,0.0,61.4,3.7,3.86,71.0,48.8,0,0,6,50.5,0
EMP10621,Finance,Manager,Bachelor,84.1,71.9,13.7,9.9,,2.99,3.33,79.1,37.0,3,0,6,24.6,0
EMP10622,Product,Mid,Bachelor,64.1,84.2,7.5,4.1,77.8,3.53,3.36,68.4,24.6,3,0,6,28.1,0
EMP10623,HR,Senior,Bachelor,65.5,60.5,6.7,2.5,83.6,3.62,3.67,73.9,42.4,3,1,6,28.6,0
EMP10624,Product,Manager,Bachelor,72.1,70.4,13.0,2.9,63.6,3.27,3.72,59.9,72.4,2,0,6,5.2,0
EMP10625,HR,Junior,Bachelor,,,2.7,2.0,62.7,3.74,3.44,66.9,29.2,0,0,6,58.9,0
EMP10626,Marketing,Senior,Bachelor,74.9,66.5,13.1,4.1,54.5,4.11,,54.9,13.6,1,1,6,46.4,0
EMP10627,Sales,Lead,Bachelor,95.0,64.9,15.2,3.6,65.9,3.55,2.48,85.2,16.8,2,0,6,27.1,0
EMP10628,Finance,Senior,Bachelor,75.7,70.9,5.3,3.7,60.1,3.41,3.24,89.3,16.7,1,0,6,55.7,0
EMP10629,Marketing,Mid,,45.8,70.4,11.5,4.9,53.8,3.59,3.55,87.1,18.9,2,0,6,21.0,0
EMP10630,Product,Mid,Bachelor,75.6,56.4,4.0,1.8,94.5,3.7,3.15,58.5,23.7,1,0,6,1.8,0
EMP10631,Marketing,Junior,Master,72.4,80.4,5.2,1.9,74.5,2.57,4.89,49.7,32.7,0,0,6,48.7,0
EMP10632,Sales,Mid,Diploma,72.5,57.3,8.1,6.1,76.0,4.0,3.76,85.4,12.4,1,0,6,11.7,0
EMP10633,Engineering,Manager,Diploma,74.7,67.2,10.8,4.2,80.4,3.41,3.87,73.7,13.8,2,0,6,29.4,0
EMP10634,Sales,Manager,,71.7,66.2,14.1,4.7,78.8,4.52,3.41,70.3,38.2,3,0,6,36.8,0
EMP10635,Sales,Junior,Master,71.4,74.7,2.8,1.1,62.2,4.08,3.74,54.9,21.5,1,1,6,38.5,1
EMP10636,Operations,Senior,Bachelor,78.7,42.5,10.2,3.4,71.8,4.46,2.9,71.8,17.7,3,0,6,52.6,0
EMP10637,Operations,Mid,Master,66.0,81.6,6.5,2.6,64.2,3.04,3.63,47.6,25.1,1,0,6,40.8,0
EMP10638,Marketing,Lead,Master,61.6,,13.6,3.5,74.1,3.46,3.09,75.1,53.0,4,0,6,43.9,1
EMP10639,Marketing,Junior,PhD,99.0,85.9,3.2,1.0,72.8,2.89,3.56,87.1,40.9,0,0,6,15.3,0
EMP10640,Operations,Manager,PhD,64.1,63.8,12.6,5.9,62.6,3.24,1.96,91.1,39.5,7,0,6,38.8,0
EMP10641,Marketing,Lead,Bachelor,73.1,69.4,13.4,10.3,49.4,4.51,2.96,76.3,62.1,6,0,6,5.4,0
EMP10642,Sales,Junior,Master,55.5,94.9,4.3,1.0,70.0,4.67,4.77,42.9,33.5,2,1,6,56.0,0
EMP10643,Engineering,Junior,Master,73.3,66.4,4.6,1.6,65.1,2.95,4.33,68.2,64.9,0,0,6,7.8,0
EMP10644,Operations,Lead,Bachelor,61.7,86.1,9.5,7.5,41.5,3.4,4.67,99.0,67.5,4,0,6,23.3,1
EMP10645,Marketing,Junior,Diploma,67.1,70.5,0.7,0.5,75.1,3.65,4.72,51.1,12.6,1,0,6,8.6,1
EMP10646,Sales,Mid,Bachelor,83.5,75.4,4.8,3.1,81.5,4.08,4.22,64.1,10.6,1,0,6,18.3,0
EMP10647,Finance,Lead,Diploma,77.2,70.9,9.6,3.4,99.0,2.56,3.43,87.6,16.1,1,0,6,32.5,0
EMP10648,Operations,Mid,Master,78.3,81.0,7.7,3.6,62.5,2.66,3.02,74.9,50.4,0,0,6,20.9,0
EMP10649,Sales,Mid,Bachelor,52.5,61.1,8.1,2.7,60.5,4.02,4.55,99.0,25.4,1,0,6,54.6,0
EMP10650,HR,Mid,Master,92.2,57.2,5.7,1.6,52.5,2.43,3.8,53.3,23.8,1,1,6,38.8,0
EMP10651,Product,Junior,Bachelor,58.9,61.7,6.1,2.7,70.9,,5.0,49.2,42.9,3,1,6,25.6,1
EMP10652,Operations,Manager,Master,88.8,71.3,16.0,9.2,70.8,3.81,3.49,84.6,20.9,0,0,6,29.8,0
EMP10653,Engineering,Mid,Master,83.2,67.1,6.5,2.8,56.6,3.97,5.0,45.9,31.4,4,0,6,54.9,0
EMP10654,Marketing,Junior,Master,78.4,79.2,1.2,0.7,65.6,3.61,3.64,61.9,38.2,2,0,6,47.1,0
EMP10655,Engineering,Mid,PhD,62.6,87.0,9.5,3.7,40.3,3.46,4.69,63.9,17.0,1,0,6,8.8,0
EMP10656,Marketing,Manager,Bachelor,73.7,57.3,12.9,5.5,81.0,4.25,4.94,81.6,14.8,1,0,6,22.4,1
EMP10657,Engineering,Junior,Bachelor,66.8,60.5,3.3,2.4,57.2,3.89,3.03,74.8,29.1,2,0,6,42.7,0
EMP10658,Finance,Lead,Bachelor,72.3,51.3,10.3,7.9,67.5,3.28,3.41,72.3,31.0,2,0,6,42.1,0
EMP10659,HR,Senior,Bachelor,69.3,96.4,7.0,2.9,48.0,3.72,3.03,58.6,41.3,6,1,6,8.7,1
EMP10660,Engineering,Lead,Bachelor,49.6,74.0,7.8,4.5,,3.95,2.89,84.4,15.9,3,0,6,45.2,0
EMP10661,Product,Manager,Bachelor,84.3,76.2,14.4,5.5,64.1,4.82,4.22,99.0,19.2,1,0,6,15.2,1
EMP10662,Engineering,Lead,Bachelor,71.1,52.6,9.3,2.2,67.8,4.21,3.61,76.1,67.1,2,0,6,59.0,0
EMP10663,Sales,Manager,Bachelor,66.7,70.0,19.7,13.4,74.7,4.49,3.79,66.6,46.1,3,1,6,41.9,1
EMP10664,Engineering,Junior,PhD,65.8,76.6,0.6,0.2,88.1,3.3,4.14,44.2,26.7,0,0,6,10.8,0
EMP10665,Operations,Senior,Bachelor,75.9,66.7,6.2,3.0,78.3,3.36,2.45,54.8,49.8,5,0,6,23.5,0
EMP10666,Marketing,Mid,PhD,62.2,84.0,7.1,3.7,,3.55,4.65,61.6,15.9,2,0,6,20.0,0
EMP10667,Product,Mid,Bachelor,47.2,99.0,9.4,3.0,88.2,3.61,3.51,56.4,25.1,1,0,6,30.1,0
EMP10668,Engineering,Lead,Bachelor,76.5,57.7,11.1,2.9,76.0,3.04,4.12,64.7,3.8,2,0,6,30.9,0
EMP10669,HR,Manager,Master,77.7,,14.3,6.1,67.5,4.52,4.18,93.4,30.9,1,1,6,14.2,1
EMP10670,Sales,Senior,Bachelor,69.8,58.6,4.9,4.0,82.1,4.27,4.71,85.0,23.6,1,1,6,9.4,1
EMP10671,Finance,Mid,Bachelor,59.4,90.9,4.5,2.7,83.0,3.5,3.68,62.5,24.0,1,1,6,38.5,0
EMP10672,Product,Mid,Master,,83.6,3.6,1.6,77.1,4.12,2.26,45.7,40.3,1,0,6,35.1,0
EMP10673,Operations,Mid,Bachelor,55.9,68.2,1.8,0.4,,3.84,3.79,86.4,46.4,2,0,6,34.6,0
EMP10674,Finance,Mid,Bachelor,60.7,70.5,6.3,3.7,56.2,4.17,3.89,64.2,22.3,2,0,6,37.2,0
EMP10675,HR,Mid,Master,63.7,59.4,1.1,0.3,64.2,2.83,3.03,37.4,13.0,4,0,6,23.2,0
EMP10676,Product,Junior,Bachelor,81.3,81.6,0.1,0.1,78.9,3.61,3.85,76.4,11.5,1,0,6,33.6,0
EMP10677,Finance,Junior,PhD,68.0,65.1,1.8,1.2,67.7,3.66,3.5,81.4,8.0,5,0,6,79.0,0
EMP10678,Sales,Senior,Bachelor,67.1,66.6,7.2,3.4,83.9,4.11,2.81,26.2,61.5,4,0,6,54.2,0
EMP10679,Engineering,Mid,Diploma,93.5,77.9,6.9,2.7,86.4,3.29,4.22,51.8,40.3,1,1,6,25.8,1
EMP10680,Sales,Manager,Master,75.9,67.6,13.7,3.2,84.8,2.08,3.36,63.2,36.0,5,1,6,23.4,1
EMP10681,Engineering,Senior,Diploma,75.7,66.9,11.0,2.4,84.9,3.0,3.47,76.8,20.7,6,0,6,1.0,1
EMP10682,Sales,Junior,PhD,67.9,70.1,4.7,2.3,53.5,3.66,3.43,56.7,20.7,1,0,6,51.6,0
EMP10683,HR,Junior,Bachelor,65.4,80.3,5.5,4.3,,3.74,4.61,51.7,47.2,0,0,6,44.7,0
EMP10684,Operations,Junior,Master,47.9,91.4,3.0,1.1,59.5,4.79,3.72,76.6,10.6,0,0,6,18.8,0
EMP10685,Engineering,Manager,Bachelor,82.7,77.6,13.7,7.9,44.9,4.08,3.81,57.5,22.8,2,0,6,5.3,0
EMP10686,HR,Junior,Master,76.9,80.4,4.1,2.6,64.0,3.75,3.44,73.7,50.6,1,0,6,9.7,0
EMP10687,Product,Mid,Master,70.0,67.4,6.3,1.5,86.5,3.68,4.07,47.2,22.8,3,1,6,40.9,0
EMP10688,Operations,Manager,Bachelor,70.5,60.8,12.1,3.6,74.5,4.42,4.69,43.4,39.3,6,1,6,32.4,1
EMP10689,Finance,Manager,Diploma,80.1,78.5,12.3,5.1,96.2,3.32,4.2,77.1,27.2,3,1,6,43.3,0
EMP10690,Engineering,Junior,Bachelor,54.9,72.2,1.2,0.8,70.5,3.61,4.23,69.0,4.7,0,0,6,33.6,0
EMP10691,Product,Junior,Master,65.5,51.5,3.9,1.9,99.0,2.99,4.17,79.8,26.6,0,1,6,53.1,0
EMP10692,Engineering,Junior,Master,59.5,65.7,2.8,1.9,70.5,4.62,2.78,56.5,29.4,1,0,6,39.8,0
EMP10693,Engineering,Junior,Bachelor,91.5,68.9,1.5,1.1,68.3,3.96,3.14,52.3,25.6,1,0,6,47.5,0
EMP10694,Product,Junior,Master,81.6,63.4,1.5,1.0,50.1,,3.61,86.8,14.4,1,0,6,1.0,0
EMP10695,Finance,Mid,Master,47.8,89.3,3.3,2.8,83.5,3.63,3.24,40.6,25.7,2,0,6,6.7,0
EMP10696,Operations,Lead,Bachelor,55.3,76.2,13.2,9.1,61.0,4.03,3.0,85.0,8.3,1,0,6,24.7,0
EMP10697,Finance,Mid,Master,70.5,87.9,6.2,4.7,58.9,,2.44,86.1,22.6,1,0,6,48.6,0
EMP10698,Operations,Senior,Bachelor,66.8,73.4,7.1,5.3,85.9,3.35,2.81,78.8,40.9,3,0,6,65.6,0
EMP10699,Engineering,Junior,Master,57.4,71.1,4.8,3.2,84.2,3.27,3.57,54.0,59.8,0,1,6,29.2,0
EMP10700,Engineering,Senior,Bachelor,93.4,57.8,7.8,5.6,83.8,3.92,3.7,51.9,54.9,1,0,6,23.6,0
EMP10701,Engineering,Senior,Diploma,75.4,70.2,5.9,4.8,62.9,3.47,3.19,61.6,15.7,1,0,6,1.0,0
EMP10702,Sales,Lead,PhD,77.2,70.2,13.2,6.7,67.3,3.41,3.81,44.3,11.8,5,1,6,47.9,0
EMP10703,Marketing,Manager,Bachelor,64.4,52.2,11.8,7.3,67.2,2.83,3.45,49.6,30.9,2,0,6,25.7,0
EMP10704,Engineering,Mid,Bachelor,79.9,63.0,5.1,2.7,79.0,,4.51,75.3,28.4,3,0,6,86.9,0
EMP10705,Finance,Junior,Master,67.8,65.8,3.1,2.3,89.7,3.58,3.64,75.4,37.8,1,1,6,19.8,0
EMP10706,Marketing,Junior,Master,68.9,75.4,5.5,2.6,73.2,3.49,4.24,48.2,19.8,1,0,6,69.3,0
EMP10707,Marketing,Mid,Bachelor,78.7,76.0,6.0,4.4,95.6,3.83,3.89,75.8,28.9,1,0,6,44.8,0
EMP10708,HR,Manager,Bachelor,54.1,62.4,10.4,7.5,80.6,4.19,2.77,72.3,28.1,4,0,6,15.3,0
EMP10709,HR,Mid,Bachelor,89.6,76.1,7.2,5.9,64.7,4.16,3.69,89.2,23.1,1,0,6,35.5,0
EMP10710,Product,Senior,Diploma,74.0,67.6,7.9,2.9,79.6,4.06,2.89,74.1,10.2,1,1,6,46.7,1
EMP10711,Operations,Mid,Bachelor,86.1,32.7,10.2,6.7,91.9,3.54,3.67,81.9,40.6,3,0,6,35.1,1
EMP10712,Marketing,Junior,PhD,60.2,63.7,3.0,2.1,96.0,3.33,3.23,72.6,31.0,0,0,6,48.6,0
EMP10713,Product,Mid,Bachelor,61.8,84.0,1.1,0.9,84.6,3.02,4.02,80.7,42.0,1,1,6,44.6,1
EMP10714,Marketing,Senior,Diploma,59.2,48.1,9.8,7.7,68.4,3.31,2.81,44.4,47.1,0,1,6,47.1,0
EMP10715,Engineering,Senior,Bachelor,74.8,71.5,13.3,7.6,65.0,3.71,3.76,63.1,26.8,4,0,6,31.8,0
EMP10716,Finance,Mid,Bachelor,72.7,90.6,9.5,5.5,76.1,3.19,4.15,64.4,40.7,1,0,6,7.5,1
EMP10717,Sales,Junior,Diploma,66.9,60.1,7.0,2.2,91.4,3.76,4.39,61.1,60.6,2,1,6,32.8,0
EMP10718,Operations,Senior,Diploma,60.8,70.0,6.8,5.7,74.1,3.07,3.22,72.1,70.4,3,0,6,35.6,0
EMP10719,Product,Junior,Bachelor,58.1,53.0,5.0,1.8,74.4,2.62,3.76,75.2,33.0,2,0,6,1.7,0
EMP10720,Finance,Manager,Bachelor,71.5,91.2,11.4,7.7,68.7,4.23,3.88,71.3,34.3,2,0,6,31.6,1
EMP10721,HR,Junior,Bachelor,66.9,68.9,3.5,2.5,63.4,3.39,4.83,62.2,32.7,0,1,6,30.9,0
EMP10722,Sales,Junior,Bachelor,64.5,70.6,0.2,0.1,65.7,3.16,2.71,53.2,37.2,2,0,6,9.0,0
EMP10723,Product,Mid,Bachelor,89.0,87.6,4.6,1.6,69.9,2.99,3.11,82.6,46.1,3,0,6,23.2,0
EMP10724,Sales,Mid,PhD,71.1,78.6,4.5,1.5,92.1,3.97,5.0,70.6,32.3,0,1,6,25.2,1
EMP10725,Sales,Mid,Bachelor,86.0,58.6,8.0,6.1,,4.59,3.56,48.7,68.3,3,0,6,69.2,0
EMP10726,Engineering,Mid,Master,66.1,61.6,7.8,4.1,68.7,3.44,2.43,61.9,63.5,3,0,6,37.9,0
EMP10727,Sales,Manager,Bachelor,74.7,76.4,13.6,3.5,55.9,3.56,3.34,37.1,29.4,5,0,6,49.9,0
EMP10728,HR,Mid,Bachelor,71.4,61.9,3.0,2.0,78.0,4.4,1.81,65.6,29.3,1,1,6,31.7,0
EMP10729,Finance,Mid,Master,53.3,42.5,5.3,1.9,87.1,2.52,3.92,61.8,22.1,2,0,6,3.6,0
EMP10730,Engineering,Mid,Bachelor,87.7,69.3,4.4,3.4,90.7,4.98,4.32,55.8,38.2,1,1,6,44.6,1
EMP10731,Sales,Junior,,70.5,50.8,4.9,2.0,70.8,5.0,3.11,90.4,24.2,2,0,6,24.0,0
EMP10732,Sales,Senior,Bachelor,80.2,91.0,11.6,3.8,76.0,1.94,3.42,46.5,21.6,2,0,6,22.6,0
EMP10733,HR,Junior,Diploma,63.7,72.3,5.3,1.4,65.9,3.64,4.4,76.3,37.8,2,1,6,13.0,0
EMP10734,Sales,Senior,Master,70.2,58.2,7.3,3.9,75.4,3.23,2.52,99.0,15.2,4,0,6,35.8,0
EMP10735,Operations,Junior,PhD,62.5,60.9,0.0,0.0,72.4,3.53,2.82,82.2,46.5,0,0,6,53.2,0
EMP10736,Engineering,Manager,Bachelor,85.6,45.4,9.1,6.3,68.8,3.43,3.59,64.5,38.5,3,1,6,53.6,0
EMP10737,Engineering,Mid,Bachelor,75.4,55.7,9.1,4.6,69.9,4.23,3.22,46.9,61.8,2,0,6,63.5,0
EMP10738,HR,Lead,Bachelor,76.0,83.2,10.1,4.3,74.3,3.63,3.54,43.2,33.3,1,0,6,61.1,0
EMP10739,HR,Mid,Master,86.9,99.0,4.3,1.6,63.9,3.11,2.87,58.4,41.6,2,1,6,1.0,1
EMP10740,Sales,Junior,Bachelor,84.7,79.4,6.6,2.5,64.6,3.59,3.9,54.0,6.1,1,0,6,9.2,0
EMP10741,Sales,Lead,Bachelor,80.4,68.8,13.8,11.1,91.9,4.03,3.65,53.5,44.3,4,1,6,1.0,1
EMP10742,Marketing,Senior,,56.4,64.4,9.1,2.8,99.0,2.93,4.13,59.8,52.7,1,0,6,44.8,0
EMP10743,Sales,Senior,Bachelor,64.3,57.6,8.4,7.1,51.1,2.63,3.89,63.4,31.4,3,0,6,22.2,0
EMP10744,Finance,Mid,Bachelor,61.0,96.8,5.7,2.4,50.4,5.0,3.89,72.8,22.0,2,0,6,18.8,1
EMP10745,Finance,Senior,Bachelor,80.0,67.5,9.5,2.4,54.6,3.28,2.74,45.2,33.7,1,0,6,29.0,0
EMP10746,Engineering,Lead,Bachelor,73.9,97.5,14.5,5.2,66.6,3.61,4.09,54.1,46.5,3,1,6,34.3,1
EMP10747,HR,Senior,Master,56.7,88.1,9.9,2.4,80.5,3.44,3.52,62.4,49.6,5,1,6,2.4,1
EMP10748,Marketing,Mid,Bachelor,69.9,47.4,7.6,5.4,76.3,,3.63,61.9,10.2,2,1,6,13.8,0
EMP10749,Marketing,Senior,Bachelor,55.6,61.3,11.6,6.2,70.4,4.85,4.48,94.4,99.9,4,0,6,34.0,0
